CAINC4 Personal Income and Employment by Major Component,,
Personal income (Thousands of dollars) ,,
Bureau of Economic Analysis ,,
County,,
GeoFips,GeoName,2019
1001,"Autauga, AL",2474364
1003,"Baldwin, AL",10791564
1005,"Barbour, AL",877107
1007,"Bibb, AL",703755
1009,"Blount, AL",2138313
1011,"Bullock, AL",285410
1013,"Butler, AL",742470
1015,"Calhoun, AL",4301394
1017,"Chambers, AL",1200438
1019,"Cherokee, AL",955148
1021,"Chilton, AL",1616126
1023,"Choctaw, AL",491727
1025,"Clarke, AL",876536
1027,"Clay, AL",453463
1029,"Cleburne, AL",536859
1031,"Coffee, AL",2280247
1033,"Colbert, AL",2146675
1035,"Conecuh, AL",405004
1037,"Coosa, AL",347519
1039,"Covington, AL",1332258
1041,"Crenshaw, AL",508007
1043,"Cullman, AL",3447019
1045,"Dale, AL",1864857
1047,"Dallas, AL",1376975
1049,"DeKalb, AL",2390228
1051,"Elmore, AL",3635096
1053,"Escambia, AL",1255712
1055,"Etowah, AL",3862708
1057,"Fayette, AL",583702
1059,"Franklin, AL",1100218
1061,"Geneva, AL",959104
1063,"Greene, AL",263654
1065,"Hale, AL",554860
1067,"Henry, AL",749014
1069,"Houston, AL",4706434
1071,"Jackson, AL",1963648
1073,"Jefferson, AL",37272714
1075,"Lamar, AL",477369
1077,"Lauderdale, AL",3547651
1079,"Lawrence, AL",1163396
1081,"Lee, AL",6673082
1083,"Limestone, AL",4445403
1085,"Lowndes, AL",403136
1087,"Macon, AL",618054
1089,"Madison, AL",20180319
1091,"Marengo, AL",762383
1093,"Marion, AL",997184
1095,"Marshall, AL",3668146
1097,"Mobile, AL",16541749
1099,"Monroe, AL",713536
1101,"Montgomery, AL",10082179
1103,"Morgan, AL",5011937
1105,"Perry, AL",287850
1107,"Pickens, AL",689720
1109,"Pike, AL",1257168
1111,"Randolph, AL",767912
1113,"Russell, AL",1963480
1115,"St. Clair, AL",3680439
1117,"Shelby, AL",12609053
1119,"Sumter, AL",396157
1121,"Talladega, AL",2865397
1123,"Tallapoosa, AL",1716099
1125,"Tuscaloosa, AL",8482108
1127,"Walker, AL",2673001
1129,"Washington, AL",611577
1131,"Wilcox, AL",353015
1133,"Winston, AL",841548
2010,"Aleutian Islands Census Area, AK*",(NA)
2013,"Aleutians East Borough, AK*",205097
2016,"Aleutians West Census Area, AK*",320998
2020,"Anchorage Municipality, AK",19869529
2050,"Bethel Census Area, AK*",844255
2060,"Bristol Bay Borough, AK",122032
2063,"Chugach Census Area, AK*",(NA)
2066,"Copper River Census Area, AK*",(NA)
2068,"Denali Borough, AK*",175547
2070,"Dillingham Census Area, AK*",300202
2090,"Fairbanks North Star Borough, AK",5746996
2100,"Haines Borough, AK*",181125
2105,"Hoonah-Angoon Census Area, AK*",140147
2110,"Juneau City and Borough, AK",2316158
2122,"Kenai Peninsula Borough, AK*",3182915
2130,"Ketchikan Gateway Borough, AK*",978386
2150,"Kodiak Island Borough, AK",847282
2158,"Kusilvak Census Area, AK*",263441
2164,"Lake and Peninsula Borough, AK*",101289
2170,"Matanuska-Susitna Borough, AK",5247240
2180,"Nome Census Area, AK",537353
2185,"North Slope Borough, AK*",874517
2188,"Northwest Arctic Borough, AK",386264
2195,"Petersburg Borough, AK*",234241
2198,"Prince of Wales-Hyder Census Area, AK*",295647
2201,"Prince of Wales-Outer Ketchikan Census Area, AK*",(NA)
2220,"Sitka City and Borough, AK*",607495
2230,"Skagway Municipality, AK*",96794
2231,"Skagway-Yakutat-Angoon Census Area, AK*",(NA)
2232,"Skagway-Hoonah-Angoon Census Area, AK*",(NA)
2240,"Southeast Fairbanks Census Area, AK*",357651
2261,"Valdez-Cordova Census Area, AK*",584998
2275,"Wrangell City and Borough, AK*",122156
2280,"Wrangell-Petersburg Census Area, AK*",(NA)
2282,"Yakutat City and Borough, AK*",37864
2290,"Yukon-Koyukuk Census Area, AK*",316234
2901,"Aleutian Islands Division, AK*",(NA)
2903,"Angoon Division, AK*",(NA)
2904,"Barrow-North Slope Division, AK*",(NA)
2905,"Bethel Division, AK*",(NA)
2907,"Bristol Bay Division, AK*",(NA)
2908,"Cordova-McCarthy Division, AK*",(NA)
2910,"Haines Division, AK*",(NA)
2912,"Kenai-Cook Inlet Division, AK*",(NA)
2916,"Kuskokwim Division, AK*",(NA)
2919,"Outer Ketchikan Division, AK*",(NA)
2920,"Prince of Wales Division, AK*",(NA)
2921,"Seward Division, AK*",(NA)
2922,"Sitka Division, AK*",(NA)
2923,"Skagway-Yakutat Division, AK*",(NA)
2924,"Southeast Fairbanks Division, AK*",(NA)
2925,"Upper Yukon Division, AK*",(NA)
2926,"Valdez-Chitina-Whittier Division, AK*",(NA)
2928,"Wrangell-Petersburg Division, AK*",(NA)
2929,"Yukon-Koyukuk Division, AK*",(NA)
4001,"Apache, AZ",2434043
4003,"Cochise, AZ",5159382
4005,"Coconino, AZ",7030941
4007,"Gila, AZ",2147965
4009,"Graham, AZ",1212564
4011,"Greenlee, AZ",388920
4012,"La Paz, AZ*",730974
4013,"Maricopa, AZ",223097349
4015,"Mohave, AZ",7329418
4017,"Navajo, AZ",3554005
4019,"Pima, AZ",46847970
4021,"Pinal, AZ",15095167
4023,"Santa Cruz, AZ",1788478
4025,"Yavapai, AZ",9696469
4027,"Yuma, AZ*",7510265
5001,"Arkansas, AR",805781
5003,"Ashley, AR",736738
5005,"Baxter, AR",1589023
5007,"Benton, AR",26334638
5009,"Boone, AR",1360735
5011,"Bradley, AR",421936
5013,"Calhoun, AR",183945
5015,"Carroll, AR",933476
5017,"Chicot, AR",396625
5019,"Clark, AR",825333
5021,"Clay, AR",521389
5023,"Cleburne, AR",983146
5025,"Cleveland, AR",314805
5027,"Columbia, AR",874633
5029,"Conway, AR",804111
5031,"Craighead, AR",4249718
5033,"Crawford, AR",2145480
5035,"Crittenden, AR",1840141
5037,"Cross, AR",609784
5039,"Dallas, AR",258491
5041,"Desha, AR",450395
5043,"Drew, AR",685802
5045,"Faulkner, AR",4949464
5047,"Franklin, AR",582498
5049,"Fulton, AR",356167
5051,"Garland, AR",4128324
5053,"Grant, AR",719126
5055,"Greene, AR",1625432
5057,"Hempstead, AR",685847
5059,"Hot Spring, AR",1070839
5061,"Howard, AR",450339
5063,"Independence, AR",1372542
5065,"Izard, AR",417880
5067,"Jackson, AR",638630
5069,"Jefferson, AR",2420985
5071,"Johnson, AR",765285
5073,"Lafayette, AR",237431
5075,"Lawrence, AR",552406
5077,"Lee, AR",269006
5079,"Lincoln, AR",360559
5081,"Little River, AR",425356
5083,"Logan, AR",702071
5085,"Lonoke, AR",3006697
5087,"Madison, AR",560097
5089,"Marion, AR",524219
5091,"Miller, AR",1501463
5093,"Mississippi, AR",1462347
5095,"Monroe, AR",238492
5097,"Montgomery, AR",269131
5099,"Nevada, AR",278477
5101,"Newton, AR",233402
5103,"Ouachita, AR",901740
5105,"Perry, AR",377108
5107,"Phillips, AR",605064
5109,"Pike, AR",345933
5111,"Poinsett, AR",814980
5113,"Polk, AR",608522
5115,"Pope, AR",2271785
5117,"Prairie, AR",293561
5119,"Pulaski, AR",20596336
5121,"Randolph, AR",610936
5123,"St. Francis, AR",713332
5125,"Saline, AR",5298158
5127,"Scott, AR",315712
5129,"Searcy, AR",222262
5131,"Sebastian, AR",5530160
5133,"Sevier, AR",538327
5135,"Sharp, AR",592230
5137,"Stone, AR",393186
5139,"Union, AR",1782266
5141,"Van Buren, AR",524831
5143,"Washington, AR",9968946
5145,"White, AR",2917643
5147,"Woodruff, AR",242050
5149,"Yell, AR",706985
6001,"Alameda, CA",131535494
6003,"Alpine, CA",88707
6005,"Amador, CA",1745661
6007,"Butte, CA",9880994
6009,"Calaveras, CA",2234933
6011,"Colusa, CA",959057
6013,"Contra Costa, CA",97550344
6015,"Del Norte, CA",1007083
6017,"El Dorado, CA",13152053
6019,"Fresno, CA",42926067
6021,"Glenn, CA",1230173
6023,"Humboldt, CA",6258414
6025,"Imperial, CA",6711683
6027,"Inyo, CA",1083706
6029,"Kern, CA",35559701
6031,"Kings, CA",5565748
6033,"Lake, CA",2716712
6035,"Lassen, CA",1092110
6037,"Los Angeles, CA",631161849
6039,"Madera, CA",6072907
6041,"Marin, CA",35987604
6043,"Mariposa, CA",921945
6045,"Mendocino, CA",4329482
6047,"Merced, CA",10517004
6049,"Modoc, CA",402296
6051,"Mono, CA",713187
6053,"Monterey, CA",24505664
6055,"Napa, CA",10172517
6057,"Nevada, CA",6047495
6059,"Orange, CA",221803099
6061,"Placer, CA",26970709
6063,"Plumas, CA",972484
6065,"Riverside, CA",102037774
6067,"Sacramento, CA",82669864
6069,"San Benito, CA",3316389
6071,"San Bernardino, CA",88261041
6073,"San Diego, CA",202642332
6075,"San Francisco, CA",117635944
6077,"San Joaquin, CA",34327494
6079,"San Luis Obispo, CA",16594194
6081,"San Mateo, CA",101056496
6083,"Santa Barbara, CA",27937231
6085,"Santa Clara, CA",220402406
6087,"Santa Cruz, CA",18825262
6089,"Shasta, CA",8338615
6091,"Sierra, CA",134432
6093,"Siskiyou, CA",1928087
6095,"Solano, CA",23216760
6097,"Sonoma, CA",31936312
6099,"Stanislaus, CA",23860986
6101,"Sutter, CA",4366230
6103,"Tehama, CA",2657943
6105,"Trinity, CA",492978
6107,"Tulare, CA",18648743
6109,"Tuolumne, CA",2506335
6111,"Ventura, CA",53344954
6113,"Yolo, CA",11968607
6115,"Yuba, CA",3250687
8001,"Adams, CO*",23259354
8003,"Alamosa, CO",622131
8005,"Arapahoe, CO",41817576
8007,"Archuleta, CO",602421
8009,"Baca, CO",141454
8011,"Bent, CO",163174
8013,"Boulder, CO*",25202960
8014,"Broomfield, CO*",4618159
8015,"Chaffee, CO",995448
8017,"Cheyenne, CO",96002
8019,"Clear Creek, CO",603976
8021,"Conejos, CO",288334
8023,"Costilla, CO",129788
8025,"Crowley, CO",120294
8027,"Custer, CO",216961
8029,"Delta, CO",1187891
8031,"Denver, CO",60356359
8033,"Dolores, CO",77477
8035,"Douglas, CO",26883461
8037,"Eagle, CO",4704516
8039,"Elbert, CO",1621165
8041,"El Paso, CO",36706547
8043,"Fremont, CO",1714561
8045,"Garfield, CO",3624440
8047,"Gilpin, CO",314819
8049,"Grand, CO",848300
8051,"Gunnison, CO",828063
8053,"Hinsdale, CO",38051
8055,"Huerfano, CO",281411
8057,"Jackson, CO",75085
8059,"Jefferson, CO*",38571285
8061,"Kiowa, CO",75553
8063,"Kit Carson, CO",300147
8065,"Lake, CO",299485
8067,"La Plata, CO",3257804
8069,"Larimer, CO",19982207
8071,"Las Animas, CO",550097
8073,"Lincoln, CO",167489
8075,"Logan, CO",958008
8077,"Mesa, CO",7093668
8079,"Mineral, CO",54508
8081,"Moffat, CO",565368
8083,"Montezuma, CO",1133538
8085,"Montrose, CO",1793896
8087,"Morgan, CO",1301937
8089,"Otero, CO",679206
8091,"Ouray, CO",316633
8093,"Park, CO",861400
8095,"Phillips, CO",190870
8097,"Pitkin, CO",2807578
8099,"Prowers, CO",473588
8101,"Pueblo, CO",6657646
8103,"Rio Blanco, CO",310066
8105,"Rio Grande, CO",543571
8107,"Routt, CO",2101396
8109,"Saguache, CO",235186
8111,"San Juan, CO",32991
8113,"San Miguel, CO",732989
8115,"Sedgwick, CO",101796
8117,"Summit, CO",2265558
8119,"Teller, CO",1304363
8121,"Washington, CO",203068
8123,"Weld, CO*",15885580
8125,"Yuma, CO",441443
9001,"Fairfield, CT",111923827
9003,"Hartford, CT",57532050
9005,"Litchfield, CT",11741239
9007,"Middlesex, CT",11111209
9009,"New Haven, CT",48419600
9011,"New London, CT",15447869
9013,"Tolland, CT",8582884
9015,"Windham, CT",5524107
10001,"Kent, DE",7942338
10003,"New Castle, DE",32143045
10005,"Sussex, DE",12452193
11001,"District of Columbia, DC",57240346
12001,"Alachua, FL",12567887
12003,"Baker, FL",993237
12005,"Bay, FL",8141379
12007,"Bradford, FL",963007
12009,"Brevard, FL",29172881
12011,"Broward, FL",103374985
12013,"Calhoun, FL",411202
12015,"Charlotte, FL",8259905
12017,"Citrus, FL",5961272
12019,"Clay, FL",9815732
12021,"Collier, FL",39828579
12023,"Columbia, FL",2554872
12027,"DeSoto, FL",972637
12029,"Dixie, FL",481608
12031,"Duval, FL",46164666
12033,"Escambia, FL",14173113
12035,"Flagler, FL",5630174
12037,"Franklin, FL",450233
12039,"Gadsden, FL",1630214
12041,"Gilchrist, FL",632729
12043,"Glades, FL",355728
12045,"Gulf, FL",614962
12047,"Hamilton, FL",389014
12049,"Hardee, FL",761001
12051,"Hendry, FL",1342874
12053,"Hernando, FL",7501870
12055,"Highlands, FL",3646058
12057,"Hillsborough, FL",71733512
12059,"Holmes, FL",632977
12061,"Indian River, FL",13296817
12063,"Jackson, FL",1636165
12065,"Jefferson, FL",600595
12067,"Lafayette, FL",226436
12069,"Lake, FL",16238106
12071,"Lee, FL",40800215
12073,"Leon, FL",13554781
12075,"Levy, FL",1547265
12077,"Liberty, FL",214340
12079,"Madison, FL",610994
12081,"Manatee, FL",20192362
12083,"Marion, FL",14183762
12085,"Martin, FL",14093707
12086,"Miami-Dade, FL",147283362
12087,"Monroe, FL",7712647
12089,"Nassau, FL",5554189
12091,"Okaloosa, FL",10854044
12093,"Okeechobee, FL",1358451
12095,"Orange, FL",65087615
12097,"Osceola, FL",13566532
12099,"Palm Beach, FL",127632536
12101,"Pasco, FL",23543454
12103,"Pinellas, FL",54622124
12105,"Polk, FL",26956118
12107,"Putnam, FL",2507697
12109,"St. Johns, FL",18972886
12111,"St. Lucie, FL",13600391
12113,"Santa Rosa, FL",8635668
12115,"Sarasota, FL",30017278
12117,"Seminole, FL",24353933
12119,"Sumter, FL",7144866
12121,"Suwannee, FL",1481999
12123,"Taylor, FL",660194
12125,"Union, FL",342210
12127,"Volusia, FL",24615669
12129,"Wakulla, FL",1263354
12131,"Walton, FL",4895051
12133,"Washington, FL",783172
13001,"Appling, GA",653867
13003,"Atkinson, GA",250144
13005,"Bacon, GA",363840
13007,"Baker, GA",121674
13009,"Baldwin, GA",1524145
13011,"Banks, GA",690100
13013,"Barrow, GA",3119101
13015,"Bartow, GA",4283894
13017,"Ben Hill, GA",543753
13019,"Berrien, GA",631176
13021,"Bibb, GA",6360026
13023,"Bleckley, GA",445381
13025,"Brantley, GA",525384
13027,"Brooks, GA",570155
13029,"Bryan, GA",2119712
13031,"Bulloch, GA",2608185
13033,"Burke, GA",864306
13035,"Butts, GA",866136
13037,"Calhoun, GA",158935
13039,"Camden, GA",2016447
13043,"Candler, GA",364588
13045,"Carroll, GA",4771609
13047,"Catoosa, GA",2435061
13049,"Charlton, GA",330384
13051,"Chatham, GA",14087132
13053,"Chattahoochee, GA",334486
13055,"Chattooga, GA",771939
13057,"Cherokee, GA",13953083
13059,"Clarke, GA",4479961
13061,"Clay, GA",99141
13063,"Clayton, GA",8283608
13065,"Clinch, GA",255865
13067,"Cobb, GA",45954990
13069,"Coffee, GA",1423001
13071,"Colquitt, GA",1539895
13073,"Columbia, GA",8097553
13075,"Cook, GA",579109
13077,"Coweta, GA",7282980
13079,"Crawford, GA",427540
13081,"Crisp, GA",767675
13083,"Dade, GA",563471
13085,"Dawson, GA",1202820
13087,"Decatur, GA",985575
13089,"DeKalb, GA",40238177
13091,"Dodge, GA",643226
13093,"Dooly, GA",442135
13095,"Dougherty, GA",3158458
13097,"Douglas, GA",5393688
13099,"Early, GA",399152
13101,"Echols, GA",112618
13103,"Effingham, GA",2701560
13105,"Elbert, GA",689431
13107,"Emanuel, GA",756264
13109,"Evans, GA",363170
13111,"Fannin, GA",993914
13113,"Fayette, GA",7875693
13115,"Floyd, GA",3798259
13117,"Forsyth, GA",15880761
13119,"Franklin, GA",811213
13121,"Fulton, GA",99005158
13123,"Gilmer, GA",1136031
13125,"Glascock, GA",102309
13127,"Glynn, GA",4078120
13129,"Gordon, GA",2082782
13131,"Grady, GA",865363
13133,"Greene, GA",1111977
13135,"Gwinnett, GA",40845239
13137,"Habersham, GA",1594224
13139,"Hall, GA",9481883
13141,"Hancock, GA",262143
13143,"Haralson, GA",1115247
13145,"Harris, GA",1725885
13147,"Hart, GA",997152
13149,"Heard, GA",380314
13151,"Henry, GA",9458510
13153,"Houston, GA",6902665
13155,"Irwin, GA",328089
13157,"Jackson, GA",3134293
13159,"Jasper, GA",545706
13161,"Jeff Davis, GA",482444
13163,"Jefferson, GA",533453
13165,"Jenkins, GA",266597
13167,"Johnson, GA",246440
13169,"Jones, GA",1114370
13171,"Lamar, GA",654708
13173,"Lanier, GA",302593
13175,"Laurens, GA",1819391
13177,"Lee, GA",1439923
13179,"Liberty, GA",2322121
13181,"Lincoln, GA",301201
13183,"Long, GA",550161
13185,"Lowndes, GA",4484808
13187,"Lumpkin, GA",1315372
13189,"McDuffie, GA",804503
13191,"McIntosh, GA",454117
13193,"Macon, GA",411863
13195,"Madison, GA",1125918
13197,"Marion, GA",250974
13199,"Meriwether, GA",751680
13201,"Miller, GA",261580
13205,"Mitchell, GA",796237
13207,"Monroe, GA",1289183
13209,"Montgomery, GA",276234
13211,"Morgan, GA",1011002
13213,"Murray, GA",1245787
13215,"Muscogee, GA",8802910
13217,"Newton, GA",3897192
13219,"Oconee, GA",2885341
13221,"Oglethorpe, GA",566918
13223,"Paulding, GA",6655009
13225,"Peach, GA",1077822
13227,"Pickens, GA",1590346
13229,"Pierce, GA",717229
13231,"Pike, GA",790537
13233,"Polk, GA",1426371
13235,"Pulaski, GA",355771
13237,"Putnam, GA",1002623
13239,"Quitman, GA",71286
13241,"Rabun, GA",707177
13243,"Randolph, GA",228443
13245,"Richmond, GA",7834533
13247,"Rockdale, GA",3302337
13249,"Schley, GA",174845
13251,"Screven, GA",486398
13253,"Seminole, GA",370818
13255,"Spalding, GA",2377913
13257,"Stephens, GA",973471
13259,"Stewart, GA",150210
13261,"Sumter, GA",1088153
13263,"Talbot, GA",216784
13265,"Taliaferro, GA",57194
13267,"Tattnall, GA",720580
13269,"Taylor, GA",258896
13271,"Telfair, GA",329329
13273,"Terrell, GA",354862
13275,"Thomas, GA",2020103
13277,"Tift, GA",1558862
13279,"Toombs, GA",964023
13281,"Towns, GA",481615
13283,"Treutlen, GA",198568
13285,"Troup, GA",2624492
13287,"Turner, GA",286326
13289,"Twiggs, GA",334012
13291,"Union, GA",942258
13293,"Upson, GA",966300
13295,"Walker, GA",2364002
13297,"Walton, GA",4038104
13299,"Ware, GA",1208334
13301,"Warren, GA",187996
13303,"Washington, GA",730412
13305,"Wayne, GA",958349
13307,"Webster, GA",86163
13309,"Wheeler, GA",149093
13311,"White, GA",1126546
13313,"Whitfield, GA",4235455
13315,"Wilcox, GA",246337
13317,"Wilkes, GA",403825
13319,"Wilkinson, GA",332501
13321,"Worth, GA",731703
15001,"Hawaii, HI",8602392
15003,"Honolulu, HI",57756093
15007,"Kauai, HI",3679314
15901,"Maui + Kalawao, HI*",8478321
16001,"Ada, ID",26265476
16003,"Adams, ID",166993
16005,"Bannock, ID",3389526
16007,"Bear Lake, ID",258205
16009,"Benewah, ID",366619
16011,"Bingham, ID",1765997
16013,"Blaine, ID",2681876
16015,"Boise, ID",338417
16017,"Bonner, ID",1931194
16019,"Bonneville, ID",6308005
16021,"Boundary, ID",458917
16023,"Butte, ID",114365
16025,"Camas, ID",56230
16027,"Canyon, ID",7976588
16029,"Caribou, ID",296319
16031,"Cassia, ID",1107030
16033,"Clark, ID",34727
16035,"Clearwater, ID",313030
16037,"Custer, ID",186723
16039,"Elmore, ID",1082309
16041,"Franklin, ID",508389
16043,"Fremont (includes Yellowstone Park), ID",488710
16045,"Gem, ID",720830
16047,"Gooding, ID",910817
16049,"Idaho, ID",587511
16051,"Jefferson, ID",1104750
16053,"Jerome, ID",930531
16055,"Kootenai, ID",7746478
16057,"Latah, ID",1673085
16059,"Lemhi, ID",348171
16061,"Lewis, ID",187490
16063,"Lincoln, ID",214691
16065,"Madison, ID",1143272
16067,"Minidoka, ID",856028
16069,"Nez Perce, ID",1880036
16071,"Oneida, ID",172795
16073,"Owyhee, ID",456433
16075,"Payette, ID",992670
16077,"Power, ID",323928
16079,"Shoshone, ID",464055
16081,"Teton, ID",499055
16083,"Twin Falls, ID",3580190
16085,"Valley, ID",575913
16087,"Washington, ID",369750
17001,"Adams, IL",3112683
17003,"Alexander, IL",217509
17005,"Bond, IL",625536
17007,"Boone, IL",2560781
17009,"Brown, IL",243308
17011,"Bureau, IL",1381556
17013,"Calhoun, IL",204928
17015,"Carroll, IL",635902
17017,"Cass, IL",499972
17019,"Champaign, IL",9556431
17021,"Christian, IL",1366948
17023,"Clark, IL",649422
17025,"Clay, IL",522109
17027,"Clinton, IL",1798366
17029,"Coles, IL",2137880
17031,"Cook, IL",338650193
17033,"Crawford, IL",871927
17035,"Cumberland, IL",786470
17037,"DeKalb, IL",4406928
17039,"De Witt, IL",730295
17041,"Douglas, IL",993882
17043,"DuPage, IL",70435457
17045,"Edgar, IL",714830
17047,"Edwards, IL",260420
17049,"Effingham, IL",1729566
17051,"Fayette, IL",773156
17053,"Ford, IL",673596
17055,"Franklin, IL",1450561
17057,"Fulton, IL",1301586
17059,"Gallatin, IL",206518
17061,"Greene, IL",463586
17063,"Grundy, IL",3031113
17065,"Hamilton, IL",352733
17067,"Hancock, IL",787325
17069,"Hardin, IL",143253
17071,"Henderson, IL",277108
17073,"Henry, IL",2255239
17075,"Iroquois, IL",1195818
17077,"Jackson, IL",2122826
17079,"Jasper, IL",395846
17081,"Jefferson, IL",1510725
17083,"Jersey, IL",926093
17085,"Jo Daviess, IL",1030372
17087,"Johnson, IL",452622
17089,"Kane, IL",28027377
17091,"Kankakee, IL",4695775
17093,"Kendall, IL",6519405
17095,"Knox, IL",1965246
17097,"Lake, IL",57569258
17099,"LaSalle, IL",4927036
17101,"Lawrence, IL",478805
17103,"Lee, IL",1436257
17105,"Livingston, IL",1594366
17107,"Logan, IL",1063174
17109,"McDonough, IL",1122403
17111,"McHenry, IL",17562673
17113,"McLean, IL",8522494
17115,"Macon, IL",5008301
17117,"Macoupin, IL",1880491
17119,"Madison, IL",12721966
17121,"Marion, IL",1590711
17123,"Marshall, IL",516977
17125,"Mason, IL",545069
17127,"Massac, IL",545381
17129,"Menard, IL",567584
17131,"Mercer, IL",727420
17133,"Monroe, IL",2036941
17135,"Montgomery, IL",1015936
17137,"Morgan, IL",1341499
17139,"Moultrie, IL",993418
17141,"Ogle, IL",2366006
17143,"Peoria, IL",9087738
17145,"Perry, IL",790267
17147,"Piatt, IL",885516
17149,"Pike, IL",636780
17151,"Pope, IL",122987
17153,"Pulaski, IL",200551
17155,"Putnam, IL",367813
17157,"Randolph, IL",1203832
17159,"Richland, IL",647720
17161,"Rock Island, IL",6297336
17163,"St. Clair, IL",11987162
17165,"Saline, IL",946430
17167,"Sangamon, IL",9623234
17169,"Schuyler, IL",300445
17171,"Scott, IL",202620
17173,"Shelby, IL",862794
17175,"Stark, IL",225008
17177,"Stephenson, IL",1912668
17179,"Tazewell, IL",6368518
17181,"Union, IL",719583
17183,"Vermilion, IL",3006381
17185,"Wabash, IL",491120
17187,"Warren, IL",680869
17189,"Washington, IL",670279
17191,"Wayne, IL",630834
17193,"White, IL",661057
17195,"Whiteside, IL",2438835
17197,"Will, IL",37584329
17199,"Williamson, IL",3026307
17201,"Winnebago, IL",12420505
17203,"Woodford, IL",2026763
18001,"Adams, IN",1427005
18003,"Allen, IN",18127012
18005,"Bartholomew, IN",4477879
18007,"Benton, IN",364322
18009,"Blackford, IN",454145
18011,"Boone, IN",5273020
18013,"Brown, IN",748587
18015,"Carroll, IN",873985
18017,"Cass, IN",1519354
18019,"Clark, IN",5345948
18021,"Clay, IN",1005920
18023,"Clinton, IN",1284158
18025,"Crawford, IN",368528
18027,"Daviess, IN",1474187
18029,"Dearborn, IN",2488901
18031,"Decatur, IN",1175734
18033,"DeKalb, IN",2024131
18035,"Delaware, IN",4340586
18037,"Dubois, IN",2423851
18039,"Elkhart, IN",9662570
18041,"Fayette, IN",956935
18043,"Floyd, IN",4498797
18045,"Fountain, IN",665886
18047,"Franklin, IN",1079083
18049,"Fulton, IN",865533
18051,"Gibson, IN",1541949
18053,"Grant, IN",2676040
18055,"Greene, IN",1323535
18057,"Hamilton, IN",26476392
18059,"Hancock, IN",4076102
18061,"Harrison, IN",1771127
18063,"Hendricks, IN",8770480
18065,"Henry, IN",1912967
18067,"Howard, IN",3505529
18069,"Huntington, IN",1557884
18071,"Jackson, IN",1968955
18073,"Jasper, IN",1512007
18075,"Jay, IN",774557
18077,"Jefferson, IN",1434357
18079,"Jennings, IN",1155441
18081,"Johnson, IN",8010939
18083,"Knox, IN",1644424
18085,"Kosciusko, IN",3882685
18087,"Lagrange, IN",1698888
18089,"Lake, IN",22354492
18091,"LaPorte, IN",4739021
18093,"Lawrence, IN",1933347
18095,"Madison, IN",5100261
18097,"Marion, IN",54343196
18099,"Marshall, IN",1949708
18101,"Martin, IN",408876
18103,"Miami, IN",1257770
18105,"Monroe, IN",6521890
18107,"Montgomery, IN",1571560
18109,"Morgan, IN",3215111
18111,"Newton, IN",572204
18113,"Noble, IN",1987945
18115,"Ohio, IN",245266
18117,"Orange, IN",750249
18119,"Owen, IN",868025
18121,"Parke, IN",640643
18123,"Perry, IN",727173
18125,"Pike, IN",515283
18127,"Porter, IN",9351166
18129,"Posey, IN",1312473
18131,"Pulaski, IN",554968
18133,"Putnam, IN",1449090
18135,"Randolph, IN",959124
18137,"Ripley, IN",1224687
18139,"Rush, IN",769282
18141,"St. Joseph, IN",13107730
18143,"Scott, IN",925001
18145,"Shelby, IN",2021553
18147,"Spencer, IN",929088
18149,"Starke, IN",816153
18151,"Steuben, IN",1583490
18153,"Sullivan, IN",753645
18155,"Switzerland, IN",352123
18157,"Tippecanoe, IN",7704221
18159,"Tipton, IN",712347
18161,"Union, IN",282642
18163,"Vanderburgh, IN",8624044
18165,"Vermillion, IN",588679
18167,"Vigo, IN",4182030
18169,"Wabash, IN",1332404
18171,"Warren, IN",366804
18173,"Warrick, IN",3684810
18175,"Washington, IN",1122225
18177,"Wayne, IN",2795975
18179,"Wells, IN",1202046
18181,"White, IN",1059062
18183,"Whitley, IN",1592762
19001,"Adair, IA",368672
19003,"Adams, IA",206759
19005,"Allamakee, IA",656831
19007,"Appanoose, IA",487450
19009,"Audubon, IA",281060
19011,"Benton, IA",1371069
19013,"Black Hawk, IA",6043565
19015,"Boone, IA",1292780
19017,"Bremer, IA",1236801
19019,"Buchanan, IA",1023642
19021,"Buena Vista, IA",867711
19023,"Butler, IA",673388
19025,"Calhoun, IA",472637
19027,"Carroll, IA",1073138
19029,"Cass, IA",620008
19031,"Cedar, IA",1001978
19033,"Cerro Gordo, IA",2155517
19035,"Cherokee, IA",636545
19037,"Chickasaw, IA",662878
19039,"Clarke, IA",381198
19041,"Clay, IA",822293
19043,"Clayton, IA",866035
19045,"Clinton, IA",2090901
19047,"Crawford, IA",711335
19049,"Dallas, IA",6355526
19051,"Davis, IA",355805
19053,"Decatur, IA",275408
19055,"Delaware, IA",857077
19057,"Des Moines, IA",1936030
19059,"Dickinson, IA",1062876
19061,"Dubuque, IA",5001119
19063,"Emmet, IA",419150
19065,"Fayette, IA",856093
19067,"Floyd, IA",739709
19069,"Franklin, IA",474176
19071,"Fremont, IA",330109
19073,"Greene, IA",426337
19075,"Grundy, IA",633592
19077,"Guthrie, IA",550667
19079,"Hamilton, IA",747889
19081,"Hancock, IA",547759
19083,"Hardin, IA",800850
19085,"Harrison, IA",666209
19087,"Henry, IA",868219
19089,"Howard, IA",444470
19091,"Humboldt, IA",473609
19093,"Ida, IA",354917
19095,"Iowa, IA",887071
19097,"Jackson, IA",891128
19099,"Jasper, IA",1624066
19101,"Jefferson, IA",743608
19103,"Johnson, IA",8351240
19105,"Jones, IA",917261
19107,"Keokuk, IA",452555
19109,"Kossuth, IA",744984
19111,"Lee, IA",1444969
19113,"Linn, IA",12175040
19115,"Louisa, IA",473072
19117,"Lucas, IA",364566
19119,"Lyon, IA",658614
19121,"Madison, IA",819270
19123,"Mahaska, IA",974812
19125,"Marion, IA",1687430
19127,"Marshall, IA",1725784
19129,"Mills, IA",886235
19131,"Mitchell, IA",662106
19133,"Monona, IA",405012
19135,"Monroe, IA",348145
19137,"Montgomery, IA",423849
19139,"Muscatine, IA",2050089
19141,"O'Brien, IA",754786
19143,"Osceola, IA",288284
19145,"Page, IA",650094
19147,"Palo Alto, IA",448562
19149,"Plymouth, IA",1427171
19151,"Pocahontas, IA",351025
19153,"Polk, IA",26539538
19155,"Pottawattamie, IA",4263205
19157,"Poweshiek, IA",849464
19159,"Ringgold, IA",226629
19161,"Sac, IA",545667
19163,"Scott, IA",9553308
19165,"Shelby, IA",600551
19167,"Sioux, IA",1825580
19169,"Story, IA",4297110
19171,"Tama, IA",788520
19173,"Taylor, IA",256673
19175,"Union, IA",502205
19177,"Van Buren, IA",284069
19179,"Wapello, IA",1391143
19181,"Warren, IA",2678197
19183,"Washington, IA",1340675
19185,"Wayne, IA",273223
19187,"Webster, IA",1675403
19189,"Winnebago, IA",438903
19191,"Winneshiek, IA",991801
19193,"Woodbury, IA",4608998
19195,"Worth, IA",308948
19197,"Wright, IA",612117
20001,"Allen, KS",530340
20003,"Anderson, KS",309609
20005,"Atchison, KS",641377
20007,"Barber, KS",194237
20009,"Barton, KS",1230207
20011,"Bourbon, KS",605949
20013,"Brown, KS",432677
20015,"Butler, KS",3225592
20017,"Chase, KS",131682
20019,"Chautauqua, KS",132969
20021,"Cherokee, KS",833027
20023,"Cheyenne, KS",120095
20025,"Clark, KS",109167
20027,"Clay, KS",348603
20029,"Cloud, KS",349467
20031,"Coffey, KS",429089
20033,"Comanche, KS",69598
20035,"Cowley, KS",1380568
20037,"Crawford, KS",1533353
20039,"Decatur, KS",123718
20041,"Dickinson, KS",788044
20043,"Doniphan, KS",323402
20045,"Douglas, KS",5523429
20047,"Edwards, KS",149026
20049,"Elk, KS",97219
20051,"Ellis, KS",1348703
20053,"Ellsworth, KS",281361
20055,"Finney, KS",1584485
20057,"Ford, KS",1338681
20059,"Franklin, KS",1125397
20061,"Geary, KS",1664300
20063,"Gove, KS",150296
20065,"Graham, KS",121901
20067,"Grant, KS",312698
20069,"Gray, KS",346894
20071,"Greeley, KS",80040
20073,"Greenwood, KS",251062
20075,"Hamilton, KS",140446
20077,"Harper, KS",287212
20079,"Harvey, KS",1509309
20081,"Haskell, KS",209733
20083,"Hodgeman, KS",93657
20085,"Jackson, KS",568199
20087,"Jefferson, KS",854727
20089,"Jewell, KS",141002
20091,"Johnson, KS",47434025
20093,"Kearny, KS",201448
20095,"Kingman, KS",326515
20097,"Kiowa, KS",99528
20099,"Labette, KS",846066
20101,"Lane, KS",100789
20103,"Leavenworth, KS",3609017
20105,"Lincoln, KS",130058
20107,"Linn, KS",395494
20109,"Logan, KS",133501
20111,"Lyon, KS",1290411
20113,"McPherson, KS",1598011
20115,"Marion, KS",504038
20117,"Marshall, KS",425026
20119,"Meade, KS",242445
20121,"Miami, KS",1706612
20123,"Mitchell, KS",359705
20125,"Montgomery, KS",1191367
20127,"Morris, KS",241752
20129,"Morton, KS",114083
20131,"Nemaha, KS",521243
20133,"Neosho, KS",642313
20135,"Ness, KS",146250
20137,"Norton, KS",230850
20139,"Osage, KS",680763
20141,"Osborne, KS",162756
20143,"Ottawa, KS",238311
20145,"Pawnee, KS",262391
20147,"Phillips, KS",269273
20149,"Pottawatomie, KS",1313869
20151,"Pratt, KS",453307
20153,"Rawlins, KS",141029
20155,"Reno, KS",2582066
20157,"Republic, KS",202215
20159,"Rice, KS",412169
20161,"Riley, KS",3132839
20163,"Rooks, KS",195282
20165,"Rush, KS",152638
20167,"Russell, KS",308199
20169,"Saline, KS",2712384
20171,"Scott, KS",271565
20173,"Sedgwick, KS",28094027
20175,"Seward, KS",819447
20177,"Shawnee, KS",8499330
20179,"Sheridan, KS",113181
20181,"Sherman, KS",251647
20183,"Smith, KS",166362
20185,"Stafford, KS",188836
20187,"Stanton, KS",146968
20189,"Stevens, KS",233884
20191,"Sumner, KS",942853
20193,"Thomas, KS",369287
20195,"Trego, KS",136121
20197,"Wabaunsee, KS",353181
20199,"Wallace, KS",76166
20201,"Washington, KS",249849
20203,"Wichita, KS",131057
20205,"Wilson, KS",357928
20207,"Woodson, KS",120842
20209,"Wyandotte, KS",5705885
21001,"Adair, KY",624397
21003,"Allen, KY",704065
21005,"Anderson, KY",929558
21007,"Ballard, KY",317269
21009,"Barren, KY",1670182
21011,"Bath, KY",395740
21013,"Bell, KY",787603
21015,"Boone, KY",6707951
21017,"Bourbon, KY",995144
21019,"Boyd, KY",1882954
21021,"Boyle, KY",1199493
21023,"Bracken, KY",319397
21025,"Breathitt, KY",429685
21027,"Breckinridge, KY",719015
21029,"Bullitt, KY",3526529
21031,"Butler, KY",453911
21033,"Caldwell, KY",450999
21035,"Calloway, KY",1411066
21037,"Campbell, KY",4726594
21039,"Carlisle, KY",212224
21041,"Carroll, KY",405727
21043,"Carter, KY",853882
21045,"Casey, KY",513433
21047,"Christian, KY",2812807
21049,"Clark, KY",1478237
21051,"Clay, KY",612503
21053,"Clinton, KY",322152
21055,"Crittenden, KY",319715
21057,"Cumberland, KY",238490
21059,"Daviess, KY",4340592
21061,"Edmonson, KY",416287
21063,"Elliott, KY",172832
21065,"Estill, KY",466653
21067,"Fayette, KY",16838449
21069,"Fleming, KY",510650
21071,"Floyd, KY",1318643
21073,"Franklin, KY",2214722
21075,"Fulton, KY",210972
21077,"Gallatin, KY",302409
21079,"Garrard, KY",627803
21081,"Grant, KY",940168
21083,"Graves, KY",1438210
21085,"Grayson, KY",924402
21087,"Green, KY",384301
21089,"Greenup, KY",1481506
21091,"Hancock, KY",356149
21093,"Hardin, KY",4934187
21095,"Harlan, KY",816211
21097,"Harrison, KY",694111
21099,"Hart, KY",650804
21101,"Henderson, KY",1871230
21103,"Henry, KY",640799
21105,"Hickman, KY",188598
21107,"Hopkins, KY",1796193
21109,"Jackson, KY",398220
21111,"Jefferson, KY",41685476
21113,"Jessamine, KY",2526114
21115,"Johnson, KY",764209
21117,"Kenton, KY",9858715
21119,"Knott, KY",468380
21121,"Knox, KY",929573
21123,"Larue, KY",551717
21125,"Laurel, KY",2084739
21127,"Lawrence, KY",508513
21129,"Lee, KY",212501
21131,"Leslie, KY",336484
21133,"Letcher, KY",680425
21135,"Lewis, KY",428111
21137,"Lincoln, KY",822585
21139,"Livingston, KY",353517
21141,"Logan, KY",1004756
21143,"Lyon, KY",312268
21145,"McCracken, KY",3183761
21147,"McCreary, KY",459954
21149,"McLean, KY",364873
21151,"Madison, KY",3348659
21153,"Magoffin, KY",405809
21155,"Marion, KY",725864
21157,"Marshall, KY",1322598
21159,"Martin, KY",328664
21161,"Mason, KY",706072
21163,"Meade, KY",1185849
21165,"Menifee, KY",205635
21167,"Mercer, KY",830612
21169,"Metcalfe, KY",322365
21171,"Monroe, KY",398682
21173,"Montgomery, KY",1019059
21175,"Morgan, KY",376414
21177,"Muhlenberg, KY",1067926
21179,"Nelson, KY",2038379
21181,"Nicholas, KY",256288
21183,"Ohio, KY",796790
21185,"Oldham, KY",4448962
21187,"Owen, KY",369033
21189,"Owsley, KY",142007
21191,"Pendleton, KY",660629
21193,"Perry, KY",998522
21195,"Pike, KY",2075386
21197,"Powell, KY",399814
21199,"Pulaski, KY",2500861
21201,"Robertson, KY",72665
21203,"Rockcastle, KY",540596
21205,"Rowan, KY",776129
21207,"Russell, KY",671983
21209,"Scott, KY",2533799
21211,"Shelby, KY",2287123
21213,"Simpson, KY",721610
21215,"Spencer, KY",880278
21217,"Taylor, KY",910718
21219,"Todd, KY",477943
21221,"Trigg, KY",559906
21223,"Trimble, KY",342867
21225,"Union, KY",526649
21227,"Warren, KY",5065220
21229,"Washington, KY",460830
21231,"Wayne, KY",591297
21233,"Webster, KY",516333
21235,"Whitley, KY",1248361
21237,"Wolfe, KY",225093
21239,"Woodford, KY",1417776
22001,"Acadia, LA",2322653
22003,"Allen, LA",895723
22005,"Ascension, LA",6532164
22007,"Assumption, LA",1074564
22009,"Avoyelles, LA",1548838
22011,"Beauregard, LA",1637792
22013,"Bienville, LA",514551
22015,"Bossier, LA",5800049
22017,"Caddo, LA",12112003
22019,"Calcasieu, LA",10112442
22021,"Caldwell, LA",346514
22023,"Cameron, LA",336674
22025,"Catahoula, LA",328693
22027,"Claiborne, LA",536215
22029,"Concordia, LA",650231
22031,"De Soto, LA",1161106
22033,"East Baton Rouge, LA",23496414
22035,"East Carroll, LA",241274
22037,"East Feliciana, LA",814816
22039,"Evangeline, LA",1114757
22041,"Franklin, LA",659178
22043,"Grant, LA",709804
22045,"Iberia, LA",2855565
22047,"Iberville, LA",1415683
22049,"Jackson, LA",543734
22051,"Jefferson, LA",22551415
22053,"Jefferson Davis, LA",1336766
22055,"Lafayette, LA",12149922
22057,"Lafourche, LA",4479093
22059,"LaSalle, LA",504072
22061,"Lincoln, LA",1975021
22063,"Livingston, LA",6104335
22065,"Madison, LA",358969
22067,"Morehouse, LA",975919
22069,"Natchitoches, LA",1569635
22071,"Orleans, LA",20787566
22073,"Ouachita, LA",6467999
22075,"Plaquemines, LA",1127880
22077,"Pointe Coupee, LA",1058236
22079,"Rapides, LA",6057221
22081,"Red River, LA",358483
22083,"Richland, LA",783872
22085,"Sabine, LA",866902
22087,"St. Bernard, LA",1555253
22089,"St. Charles, LA",2661446
22091,"St. Helena, LA",454020
22093,"St. James, LA",1131422
22095,"St. John the Baptist, LA",1812702
22097,"St. Landry, LA",3481574
22099,"St. Martin, LA",2102052
22101,"St. Mary, LA",2064288
22103,"St. Tammany, LA",18007557
22105,"Tangipahoa, LA",5253938
22107,"Tensas, LA",180877
22109,"Terrebonne, LA",4706122
22111,"Union, LA",907209
22113,"Vermilion, LA",2389554
22115,"Vernon, LA",2056153
22117,"Washington, LA",1625870
22119,"Webster, LA",1589362
22121,"West Baton Rouge, LA",1301432
22123,"West Carroll, LA",350905
22125,"West Feliciana, LA",613674
22127,"Winn, LA",539518
23001,"Androscoggin, ME",4626828
23003,"Aroostook, ME",2862430
23005,"Cumberland, ME",19054332
23007,"Franklin, ME",1214598
23009,"Hancock, ME",2865955
23011,"Kennebec, ME",5705851
23013,"Knox, ME",2056638
23015,"Lincoln, ME",1790472
23017,"Oxford, ME",2257234
23019,"Penobscot, ME",6541039
23021,"Piscataquis, ME",664203
23023,"Sagadahoc, ME",1888774
23025,"Somerset, ME",1983171
23027,"Waldo, ME",1753846
23029,"Washington, ME",1276889
23031,"York, ME",11313200
24001,"Allegany, MD",2869558
24003,"Anne Arundel, MD",39614835
24005,"Baltimore, MD",51817020
24009,"Calvert, MD",5860441
24011,"Caroline, MD",1529907
24013,"Carroll, MD",10701773
24015,"Cecil, MD",5034392
24017,"Charles, MD",9364851
24019,"Dorchester, MD",1482111
24021,"Frederick, MD",16367209
24023,"Garrett, MD",1325495
24025,"Harford, MD",15246872
24027,"Howard, MD",25434868
24029,"Kent, MD",1173467
24031,"Montgomery, MD",90629668
24033,"Prince George's, MD",45529698
24035,"Queen Anne's, MD",3287847
24037,"St. Mary's, MD",6585955
24039,"Somerset, MD",784228
24041,"Talbot, MD",2704492
24043,"Washington, MD",7110830
24045,"Wicomico, MD",4278163
24047,"Worcester, MD",2954605
24510,"Baltimore (Independent City), MD",29708411
25001,"Barnstable, MA",16041374
25003,"Berkshire, MA",7174901
25005,"Bristol, MA",31312324
25007,"Dukes, MA",1521219
25009,"Essex, MA",54375358
25011,"Franklin, MA",3925546
25013,"Hampden, MA",24640329
25015,"Hampshire, MA",8696429
25017,"Middlesex, MA",139414586
25019,"Nantucket, MA",1306401
25021,"Norfolk, MA",66098868
25023,"Plymouth, MA",35898571
25025,"Suffolk, MA",67944409
25027,"Worcester, MA",48263854
26001,"Alcona, MI",424177
26003,"Alger, MI",308942
26005,"Allegan, MI",5451867
26007,"Alpena, MI",1170053
26009,"Antrim, MI",1131316
26011,"Arenac, MI",577417
26013,"Baraga, MI",282589
26015,"Barry, MI",2823224
26017,"Bay, MI",4484468
26019,"Benzie, MI",815439
26021,"Berrien, MI",7396383
26023,"Branch, MI",1648333
26025,"Calhoun, MI",5409544
26027,"Cass, MI",2344319
26029,"Charlevoix, MI",1392197
26031,"Cheboygan, MI",1016727
26033,"Chippewa, MI",1315620
26035,"Clare, MI",1069186
26037,"Clinton, MI",3769091
26039,"Crawford, MI",493735
26041,"Delta, MI",1463973
26043,"Dickinson, MI",1240169
26045,"Eaton, MI",4794290
26047,"Emmet, MI",1951799
26049,"Genesee, MI",17015075
26051,"Gladwin, MI",948729
26053,"Gogebic, MI",611499
26055,"Grand Traverse, MI",4896351
26057,"Gratiot, MI",1526763
26059,"Hillsdale, MI",1630674
26061,"Houghton, MI",1388001
26063,"Huron, MI",1419504
26065,"Ingham, MI",12035436
26067,"Ionia, MI",2295381
26069,"Iosco, MI",983076
26071,"Iron, MI",502320
26073,"Isabella, MI",2525978
26075,"Jackson, MI",6399749
26077,"Kalamazoo, MI",13092078
26079,"Kalkaska, MI",648949
26081,"Kent, MI",35335459
26083,"Keweenaw, MI",101200
26085,"Lake, MI",404025
26087,"Lapeer, MI",3939253
26089,"Leelanau, MI",1504840
26091,"Lenawee, MI",4026034
26093,"Livingston, MI",11349975
26095,"Luce, MI",198030
26097,"Mackinac, MI",486164
26099,"Macomb, MI",41639396
26101,"Manistee, MI",1001087
26103,"Marquette, MI",2686514
26105,"Mason, MI",1200710
26107,"Mecosta, MI",1476062
26109,"Menominee, MI",1000659
26111,"Midland, MI",4544019
26113,"Missaukee, MI",541542
26115,"Monroe, MI",7324469
26117,"Montcalm, MI",2287801
26119,"Montmorency, MI",350020
26121,"Muskegon, MI",6905699
26123,"Newaygo, MI",1875099
26125,"Oakland, MI",92402126
26127,"Oceana, MI",1033004
26129,"Ogemaw, MI",720331
26131,"Ontonagon, MI",236178
26133,"Osceola, MI",888496
26135,"Oscoda, MI",286086
26137,"Otsego, MI",1026851
26139,"Ottawa, MI",14422589
26141,"Presque Isle, MI",520951
26143,"Roscommon, MI",890840
26145,"Saginaw, MI",7935404
26147,"St. Clair, MI",7295580
26149,"St. Joseph, MI",2377810
26151,"Sanilac, MI",1566549
26153,"Schoolcraft, MI",329885
26155,"Shiawassee, MI",2762687
26157,"Tuscola, MI",1990232
26159,"Van Buren, MI",3151188
26161,"Washtenaw, MI",22499890
26163,"Wayne, MI",77542605
26165,"Wexford, MI",1270455
27001,"Aitkin, MN",659213
27003,"Anoka, MN",18850155
27005,"Becker, MN",1656355
27007,"Beltrami, MN",1987149
27009,"Benton, MN",1870470
27011,"Big Stone, MN",256016
27013,"Blue Earth, MN",3094074
27015,"Brown, MN",1348215
27017,"Carlton, MN",1584903
27019,"Carver, MN",7676796
27021,"Cass, MN",1413981
27023,"Chippewa, MN",603691
27025,"Chisago, MN",2840112
27027,"Clay, MN",2811570
27029,"Clearwater, MN",392873
27031,"Cook, MN",292580
27033,"Cottonwood, MN",508877
27035,"Crow Wing, MN",3002255
27037,"Dakota, MN",26616193
27039,"Dodge, MN",975723
27041,"Douglas, MN",1984946
27043,"Faribault, MN",587090
27045,"Fillmore, MN",931460
27047,"Freeborn, MN",1383814
27049,"Goodhue, MN",2538603
27051,"Grant, MN",271177
27053,"Hennepin, MN",96318449
27055,"Houston, MN",962578
27057,"Hubbard, MN",1069525
27059,"Isanti, MN",1858551
27061,"Itasca, MN",2050854
27063,"Jackson, MN",522440
27065,"Kanabec, MN",707443
27067,"Kandiyohi, MN",2245165
27069,"Kittson, MN",198948
27071,"Koochiching, MN",558399
27073,"Lac qui Parle, MN",334980
27075,"Lake, MN",523129
27077,"Lake of the Woods, MN",204421
27079,"Le Sueur, MN",1443897
27081,"Lincoln, MN",263911
27083,"Lyon, MN",1278745
27085,"McLeod, MN",1778409
27087,"Mahnomen, MN",189391
27089,"Marshall, MN",458138
27091,"Martin, MN",1026083
27093,"Meeker, MN",1039535
27095,"Mille Lacs, MN",1137451
27097,"Morrison, MN",1409571
27099,"Mower, MN",1850691
27101,"Murray, MN",429637
27103,"Nicollet, MN",1703614
27105,"Nobles, MN",971791
27107,"Norman, MN",238562
27109,"Olmsted, MN",9404345
27111,"Otter Tail, MN",2823640
27113,"Pennington, MN",796474
27115,"Pine, MN",1140021
27117,"Pipestone, MN",494712
27119,"Polk, MN",1475290
27121,"Pope, MN",562721
27123,"Ramsey, MN",30472787
27125,"Red Lake, MN",195208
27127,"Redwood, MN",812040
27129,"Renville, MN",706114
27131,"Rice, MN",3003382
27133,"Rock, MN",472250
27135,"Roseau, MN",732040
27137,"St. Louis, MN",9605183
27139,"Scott, MN",9374797
27141,"Sherburne, MN",4657031
27143,"Sibley, MN",712647
27145,"Stearns, MN",7648323
27147,"Steele, MN",1740015
27149,"Stevens, MN",459920
27151,"Swift, MN",452936
27153,"Todd, MN",1065967
27155,"Traverse, MN",167846
27157,"Wabasha, MN",1057921
27159,"Wadena, MN",548268
27161,"Waseca, MN",782179
27163,"Washington, MN",18245390
27165,"Watonwan, MN",492166
27167,"Wilkin, MN",321401
27169,"Winona, MN",2452773
27171,"Wright, MN",7209035
27173,"Yellow Medicine, MN",526491
28001,"Adams, MS",1081003
28003,"Alcorn, MS",1356583
28005,"Amite, MS",435929
28007,"Attala, MS",629005
28009,"Benton, MS",260040
28011,"Bolivar, MS",1170275
28013,"Calhoun, MS",483958
28015,"Carroll, MS",378240
28017,"Chickasaw, MS",616448
28019,"Choctaw, MS",286685
28021,"Claiborne, MS",284157
28023,"Clarke, MS",600234
28025,"Clay, MS",745370
28027,"Coahoma, MS",818627
28029,"Copiah, MS",956943
28031,"Covington, MS",694404
28033,"DeSoto, MS",7892739
28035,"Forrest, MS",2934146
28037,"Franklin, MS",275766
28039,"George, MS",842570
28041,"Greene, MS",393160
28043,"Grenada, MS",759664
28045,"Hancock, MS",1727804
28047,"Harrison, MS",7949478
28049,"Hinds, MS",9317660
28051,"Holmes, MS",510526
28053,"Humphreys, MS",280751
28055,"Issaquena, MS",35414
28057,"Itawamba, MS",859938
28059,"Jackson, MS",5543766
28061,"Jasper, MS",666124
28063,"Jefferson, MS",248060
28065,"Jefferson Davis, MS",339767
28067,"Jones, MS",2639707
28069,"Kemper, MS",292832
28071,"Lafayette, MS",2379202
28073,"Lamar, MS",2574837
28075,"Lauderdale, MS",2946006
28077,"Lawrence, MS",438337
28079,"Leake, MS",728607
28081,"Lee, MS",3669813
28083,"Leflore, MS",1108212
28085,"Lincoln, MS",1346218
28087,"Lowndes, MS",2390839
28089,"Madison, MS",6947250
28091,"Marion, MS",942603
28093,"Marshall, MS",1221492
28095,"Monroe, MS",1283546
28097,"Montgomery, MS",346946
28099,"Neshoba, MS",1099746
28101,"Newton, MS",755882
28103,"Noxubee, MS",363226
28105,"Oktibbeha, MS",1754242
28107,"Panola, MS",1154173
28109,"Pearl River, MS",2110180
28111,"Perry, MS",402057
28113,"Pike, MS",1244251
28115,"Pontotoc, MS",1096006
28117,"Prentiss, MS",788851
28119,"Quitman, MS",202639
28121,"Rankin, MS",7088627
28123,"Scott, MS",892832
28125,"Sharkey, MS",148092
28127,"Simpson, MS",1001931
28129,"Smith, MS",571597
28131,"Stone, MS",625748
28133,"Sunflower, MS",775677
28135,"Tallahatchie, MS",420720
28137,"Tate, MS",1048151
28139,"Tippah, MS",842270
28141,"Tishomingo, MS",678887
28143,"Tunica, MS",341389
28145,"Union, MS",966315
28147,"Walthall, MS",464036
28149,"Warren, MS",1870406
28151,"Washington, MS",1657757
28153,"Wayne, MS",724412
28155,"Webster, MS",387059
28157,"Wilkinson, MS",265501
28159,"Winston, MS",662948
28161,"Yalobusha, MS",458639
28163,"Yazoo, MS",839908
29001,"Adair, MO",838075
29003,"Andrew, MO",806298
29005,"Atchison, MO",237120
29007,"Audrain, MO",949972
29009,"Barry, MO",1279085
29011,"Barton, MO",413557
29013,"Bates, MO",656631
29015,"Benton, MO",747937
29017,"Bollinger, MO",407663
29019,"Boone, MO",8893837
29021,"Buchanan, MO",3518677
29023,"Butler, MO",1537854
29025,"Caldwell, MO",349600
29027,"Callaway, MO",1765661
29029,"Camden, MO",1791465
29031,"Cape Girardeau, MO",3590757
29033,"Carroll, MO",405049
29035,"Carter, MO",198661
29037,"Cass, MO",5132331
29039,"Cedar, MO",449603
29041,"Chariton, MO",328038
29043,"Christian, MO",3712591
29045,"Clark, MO",243125
29047,"Clay, MO",12344886
29049,"Clinton, MO",888554
29051,"Cole, MO",3740922
29053,"Cooper, MO",704118
29055,"Crawford, MO",859646
29057,"Dade, MO",263528
29059,"Dallas, MO",575644
29061,"Daviess, MO",280791
29063,"DeKalb, MO",370936
29065,"Dent, MO",524693
29067,"Douglas, MO",379265
29069,"Dunklin, MO",1059263
29071,"Franklin, MO",4804384
29073,"Gasconade, MO",601827
29075,"Gentry, MO",283334
29077,"Greene, MO",13495507
29079,"Grundy, MO",345804
29081,"Harrison, MO",305150
29083,"Henry, MO",916878
29085,"Hickory, MO",277495
29087,"Holt, MO",220697
29089,"Howard, MO",411524
29091,"Howell, MO",1409031
29093,"Iron, MO",340854
29095,"Jackson, MO",33610087
29097,"Jasper, MO",4990403
29099,"Jefferson, MO",9889033
29101,"Johnson, MO",2040380
29103,"Knox, MO",140141
29105,"Laclede, MO",1299151
29107,"Lafayette, MO",1396583
29109,"Lawrence, MO",1326115
29111,"Lewis, MO",356994
29113,"Lincoln, MO",2431431
29115,"Linn, MO",467245
29117,"Livingston, MO",591628
29119,"McDonald, MO",683782
29121,"Macon, MO",625602
29123,"Madison, MO",448778
29125,"Maries, MO",304222
29127,"Marion, MO",1173662
29129,"Mercer, MO",114811
29131,"Miller, MO",925016
29133,"Mississippi, MO",420516
29135,"Moniteau, MO",598262
29137,"Monroe, MO",354609
29139,"Montgomery, MO",478503
29141,"Morgan, MO",863056
29143,"New Madrid, MO",639339
29145,"Newton, MO",2315907
29147,"Nodaway, MO",724114
29149,"Oregon, MO",322175
29151,"Osage, MO",620721
29153,"Ozark, MO",285895
29155,"Pemiscot, MO",577774
29157,"Perry, MO",807796
29159,"Pettis, MO",1622338
29161,"Phelps, MO",1779956
29163,"Pike, MO",647566
29165,"Platte, MO",6157235
29167,"Polk, MO",1135985
29169,"Pulaski, MO",2203553
29171,"Putnam, MO",168038
29173,"Ralls, MO",410904
29175,"Randolph, MO",978281
29177,"Ray, MO",997321
29179,"Reynolds, MO",222767
29181,"Ripley, MO",414294
29183,"St. Charles, MO",22144650
29185,"St. Clair, MO",285566
29186,"Ste. Genevieve, MO",752449
29187,"St. Francois, MO",2341796
29189,"St. Louis, MO",74023969
29195,"Saline, MO",870987
29197,"Schuyler, MO",136891
29199,"Scotland, MO",170231
29201,"Scott, MO",1587173
29203,"Shannon, MO",249391
29205,"Shelby, MO",236701
29207,"Stoddard, MO",1095456
29209,"Stone, MO",1284481
29211,"Sullivan, MO",236154
29213,"Taney, MO",2082296
29215,"Texas, MO",751351
29217,"Vernon, MO",724723
29219,"Warren, MO",1523817
29221,"Washington, MO",760904
29223,"Wayne, MO",401234
29225,"Webster, MO",1341600
29227,"Worth, MO",74890
29229,"Wright, MO",601041
29510,"St. Louis (Independent City), MO",14647938
30001,"Beaverhead, MT",455417
30003,"Big Horn, MT",417506
30005,"Blaine, MT",206525
30007,"Broadwater, MT",283678
30009,"Carbon, MT",576572
30011,"Carter, MT",50712
30013,"Cascade, MT",4004624
30015,"Chouteau, MT",231433
30017,"Custer, MT",535942
30019,"Daniels, MT",81199
30021,"Dawson, MT",402719
30023,"Deer Lodge, MT",377345
30025,"Fallon, MT",143218
30027,"Fergus, MT",502927
30029,"Flathead, MT",5208960
30031,"Gallatin, MT",6890696
30033,"Garfield, MT",42204
30035,"Glacier, MT",507417
30037,"Golden Valley, MT",41372
30039,"Granite, MT",152793
30041,"Hill, MT",758502
30043,"Jefferson, MT",612339
30045,"Judith Basin, MT",99486
30047,"Lake, MT",1249185
30049,"Lewis and Clark, MT",3542586
30051,"Liberty, MT",107836
30053,"Lincoln, MT",758241
30055,"McCone, MT",64554
30057,"Madison, MT",469391
30059,"Meagher, MT",83164
30061,"Mineral, MT",175814
30063,"Missoula, MT",6212032
30065,"Musselshell, MT",213227
30067,"Park, MT",879344
30069,"Petroleum, MT",16495
30071,"Phillips, MT",163227
30073,"Pondera, MT",291459
30075,"Powder River, MT",57868
30077,"Powell, MT",300973
30079,"Prairie, MT",50522
30081,"Ravalli, MT",2086157
30083,"Richland, MT",683842
30085,"Roosevelt, MT",400376
30087,"Rosebud, MT",405115
30089,"Sanders, MT",446127
30091,"Sheridan, MT",167436
30093,"Silver Bow, MT",1684418
30095,"Stillwater, MT",525015
30097,"Sweet Grass, MT",184351
30099,"Teton, MT",300548
30101,"Toole, MT",251315
30103,"Treasure, MT",39560
30105,"Valley, MT",351097
30107,"Wheatland, MT",81153
30109,"Wibaux, MT",39262
30111,"Yellowstone, MT",8747287
31001,"Adams, NE",1565995
31003,"Antelope, NE",347643
31005,"Arthur, NE",21574
31007,"Banner, NE",38082
31009,"Blaine, NE",27493
31011,"Boone, NE",303321
31013,"Box Butte, NE",530601
31015,"Boyd, NE",106438
31017,"Brown, NE",163671
31019,"Buffalo, NE",2868908
31021,"Burt, NE",318775
31023,"Butler, NE",397819
31025,"Cass, NE",1413985
31027,"Cedar, NE",424272
31029,"Chase, NE",229289
31031,"Cherry, NE",254914
31033,"Cheyenne, NE",434640
31035,"Clay, NE",317722
31037,"Colfax, NE",468988
31039,"Cuming, NE",569854
31041,"Custer, NE",519235
31043,"Dakota, NE",885654
31045,"Dawes, NE",327929
31047,"Dawson, NE",1059270
31049,"Deuel, NE",73433
31051,"Dixon, NE",250489
31053,"Dodge, NE",1794181
31055,"Douglas, NE",36005350
31057,"Dundy, NE",119839
31059,"Fillmore, NE",313986
31061,"Franklin, NE",146655
31063,"Frontier, NE",101096
31065,"Furnas, NE",212632
31067,"Gage, NE",1055412
31069,"Garden, NE",83815
31071,"Garfield, NE",81917
31073,"Gosper, NE",98776
31075,"Grant, NE",29939
31077,"Greeley, NE",110701
31079,"Hall, NE",2732084
31081,"Hamilton, NE",512515
31083,"Harlan, NE",174965
31085,"Hayes, NE",59447
31087,"Hitchcock, NE",109517
31089,"Holt, NE",521798
31091,"Hooker, NE",31933
31093,"Howard, NE",295269
31095,"Jefferson, NE",340859
31097,"Johnson, NE",180856
31099,"Kearney, NE",365982
31101,"Keith, NE",380182
31103,"Keya Paha, NE",39080
31105,"Kimball, NE",160171
31107,"Knox, NE",389164
31109,"Lancaster, NE",16082475
31111,"Lincoln, NE",1729221
31113,"Logan, NE",36886
31115,"Loup, NE",34679
31117,"McPherson, NE",22282
31119,"Madison, NE",1802475
31121,"Merrick, NE",366510
31123,"Morrill, NE",261328
31125,"Nance, NE",136816
31127,"Nemaha, NE",337351
31129,"Nuckolls, NE",215240
31131,"Otoe, NE",879433
31133,"Pawnee, NE",115045
31135,"Perkins, NE",180609
31137,"Phelps, NE",480559
31139,"Pierce, NE",407984
31141,"Platte, NE",1605226
31143,"Polk, NE",275176
31145,"Red Willow, NE",497502
31147,"Richardson, NE",389208
31149,"Rock, NE",81558
31151,"Saline, NE",623618
31153,"Sarpy, NE",9789385
31155,"Saunders, NE",1151717
31157,"Scotts Bluff, NE",1614992
31159,"Seward, NE",893265
31161,"Sheridan, NE",256538
31163,"Sherman, NE",131043
31165,"Sioux, NE",64725
31167,"Stanton, NE",271169
31169,"Thayer, NE",270704
31171,"Thomas, NE",38321
31173,"Thurston, NE",283140
31175,"Valley, NE",203414
31177,"Washington, NE",1200584
31179,"Wayne, NE",416606
31181,"Webster, NE",171661
31183,"Wheeler, NE",53461
31185,"York, NE",690164
32001,"Churchill, NV",1155935
32003,"Clark, NV",112031216
32005,"Douglas, NV",3686641
32007,"Elko, NV",2526857
32009,"Esmeralda, NV",37432
32011,"Eureka, NV",88599
32013,"Humboldt, NV",824827
32015,"Lander, NV",383329
32017,"Lincoln, NV",206087
32019,"Lyon, NV",2317978
32021,"Mineral, NV",186333
32023,"Nye, NV",1858462
32027,"Pershing, NV",220959
32029,"Storey, NV",244764
32031,"Washoe, NV",29757252
32033,"White Pine, NV",441521
32510,"Carson City (Independent City), NV",2955675
33001,"Belknap, NH",3897811
33003,"Carroll, NH",2965827
33005,"Cheshire, NH",4036057
33007,"Coos, NH",1407779
33009,"Grafton, NH",5766966
33011,"Hillsborough, NH",26213931
33013,"Merrimack, NH",9086610
33015,"Rockingham, NH",24199724
33017,"Strafford, NH",6875363
33019,"Sullivan, NH",2347467
34001,"Atlantic, NJ",13511508
34003,"Bergen, NJ",82263238
34005,"Burlington, NJ",28343782
34007,"Camden, NJ",27836357
34009,"Cape May, NJ",5830282
34011,"Cumberland, NJ",6157546
34013,"Essex, NJ",52884387
34015,"Gloucester, NJ",16591957
34017,"Hudson, NJ",45544176
34019,"Hunterdon, NJ",11511689
34021,"Mercer, NJ",26011802
34023,"Middlesex, NJ",51660545
34025,"Monmouth, NJ",50981552
34027,"Morris, NJ",48734830
34029,"Ocean, NJ",32511325
34031,"Passaic, NJ",25695657
34033,"Salem, NJ",3154245
34035,"Somerset, NJ",36453584
34037,"Sussex, NJ",9045464
34039,"Union, NJ",38335523
34041,"Warren, NJ",6006335
35001,"Bernalillo, NM",30712010
35003,"Catron, NM",112868
35005,"Chaves, NM",2590970
35006,"Cibola, NM*",773185
35007,"Colfax, NM",494787
35009,"Curry, NM",2143292
35011,"De Baca, NM",83092
35013,"Doa Ana, NM",8188439
35015,"Eddy, NM",3553123
35017,"Grant, NM",1147667
35019,"Guadalupe, NM",150448
35021,"Harding, NM",26155
35023,"Hidalgo, NM",182085
35025,"Lea, NM",3521813
35027,"Lincoln, NM",826074
35028,"Los Alamos, NM",1418619
35029,"Luna, NM",784511
35031,"McKinley, NM",2062500
35033,"Mora, NM",181559
35035,"Otero, NM",2380622
35037,"Quay, NM",328652
35039,"Rio Arriba, NM",1415391
35041,"Roosevelt, NM",767329
35043,"Sandoval, NM",6466555
35045,"San Juan, NM",4476721
35047,"San Miguel, NM",989362
35049,"Santa Fe, NM",9102525
35051,"Sierra, NM",443732
35053,"Socorro, NM",582359
35055,"Taos, NM",1259174
35057,"Torrance, NM",514238
35059,"Union, NM",145303
35061,"Valencia, NM*",2714015
36001,"Albany, NY",18856754
36003,"Allegany, NY",1704851
36005,"Bronx, NY",54027344
36007,"Broome, NY",8616267
36009,"Cattaraugus, NY",3134765
36011,"Cayuga, NY",3395553
36013,"Chautauqua, NY",5248176
36015,"Chemung, NY",3808059
36017,"Chenango, NY",2044594
36019,"Clinton, NY",3590117
36021,"Columbia, NY",3404287
36023,"Cortland, NY",1963355
36025,"Delaware, NY",1886145
36027,"Dutchess, NY",17170627
36029,"Erie, NY",48020809
36031,"Essex, NY",1750550
36033,"Franklin, NY",1969356
36035,"Fulton, NY",2372263
36037,"Genesee, NY",2595100
36039,"Greene, NY",2310856
36041,"Hamilton, NY",247329
36043,"Herkimer, NY",2659593
36045,"Jefferson, NY",5385600
36047,"Kings, NY",139260719
36049,"Lewis, NY",1240993
36051,"Livingston, NY",2900387
36053,"Madison, NY",3221505
36055,"Monroe, NY",40229569
36057,"Montgomery, NY",2072675
36059,"Nassau, NY",124974856
36061,"New York, NY",305592753
36063,"Niagara, NY",9860479
36065,"Oneida, NY",10619717
36067,"Onondaga, NY",25061804
36069,"Ontario, NY",6083711
36071,"Orange, NY",20512749
36073,"Orleans, NY",1605873
36075,"Oswego, NY",4916752
36077,"Otsego, NY",2710468
36079,"Putnam, NY",6850643
36081,"Queens, NY",116146299
36083,"Rensselaer, NY",8025507
36085,"Richmond, NY",27611364
36087,"Rockland, NY",20301021
36089,"St. Lawrence, NY",4243032
36091,"Saratoga, NY",16584000
36093,"Schenectady, NY",8447780
36095,"Schoharie, NY",1324320
36097,"Schuyler, NY",760625
36099,"Seneca, NY",1377785
36101,"Steuben, NY",4454321
36103,"Suffolk, NY",106705287
36105,"Sullivan, NY",3667999
36107,"Tioga, NY",2257603
36109,"Tompkins, NY",4696017
36111,"Ulster, NY",9351028
36113,"Warren, NY",3496510
36115,"Washington, NY",2576504
36117,"Wayne, NY",4325744
36119,"Westchester, NY",108504001
36121,"Wyoming, NY",1701224
36123,"Yates, NY",1036715
37001,"Alamance, NC",6979321
37003,"Alexander, NC",1412799
37005,"Alleghany, NC",422944
37007,"Anson, NC",888359
37009,"Ashe, NC",997238
37011,"Avery, NC",645541
37013,"Beaufort, NC",2066484
37015,"Bertie, NC",712161
37017,"Bladen, NC",1169980
37019,"Brunswick, NC",6452646
37021,"Buncombe, NC",13313254
37023,"Burke, NC",3257242
37025,"Cabarrus, NC",10130319
37027,"Caldwell, NC",2973472
37029,"Camden, NC",493683
37031,"Carteret, NC",3512563
37033,"Caswell, NC",813956
37035,"Catawba, NC",7360074
37037,"Chatham, NC",4835569
37039,"Cherokee, NC",978138
37041,"Chowan, NC",589753
37043,"Clay, NC",393576
37045,"Cleveland, NC",3806773
37047,"Columbus, NC",1850746
37049,"Craven, NC",4622789
37051,"Cumberland, NC",13393456
37053,"Currituck, NC",1309579
37055,"Dare, NC",2097208
37057,"Davidson, NC",6838405
37059,"Davie, NC",2133405
37061,"Duplin, NC",2078907
37063,"Durham, NC",16594054
37065,"Edgecombe, NC",1863618
37067,"Forsyth, NC",18630684
37069,"Franklin, NC",2569510
37071,"Gaston, NC",9284922
37073,"Gates, NC",448918
37075,"Graham, NC",296913
37077,"Granville, NC",2436006
37079,"Greene, NC",671112
37081,"Guilford, NC",25286885
37083,"Halifax, NC",1860069
37085,"Harnett, NC",4884859
37087,"Haywood, NC",2595605
37089,"Henderson, NC",5360468
37091,"Hertford, NC",773497
37093,"Hoke, NC",1811947
37095,"Hyde, NC",196173
37097,"Iredell, NC",9723517
37099,"Jackson, NC",1559744
37101,"Johnston, NC",8667947
37103,"Jones, NC",386956
37105,"Lee, NC",2618513
37107,"Lenoir, NC",2298448
37109,"Lincoln, NC",4099399
37111,"McDowell, NC",1606357
37113,"Macon, NC",1488258
37115,"Madison, NC",776534
37117,"Martin, NC",794823
37119,"Mecklenburg, NC",69965261
37121,"Mitchell, NC",553017
37123,"Montgomery, NC",1002652
37125,"Moore, NC",5305269
37127,"Nash, NC",4082809
37129,"New Hanover, NC",11375978
37131,"Northampton, NC",703487
37133,"Onslow, NC",8247778
37135,"Orange, NC",9711068
37137,"Pamlico, NC",542033
37139,"Pasquotank, NC",1579637
37141,"Pender, NC",2485140
37143,"Perquimans, NC",559871
37145,"Person, NC",1546734
37147,"Pitt, NC",7772729
37149,"Polk, NC",966947
37151,"Randolph, NC",5586931
37153,"Richmond, NC",1586177
37155,"Robeson, NC",3985171
37157,"Rockingham, NC",3467665
37159,"Rowan, NC",5774017
37161,"Rutherford, NC",2283397
37163,"Sampson, NC",2269057
37165,"Scotland, NC",1178745
37167,"Stanly, NC",2501453
37169,"Stokes, NC",1769472
37171,"Surry, NC",2847844
37173,"Swain, NC",584266
37175,"Transylvania, NC",1475842
37177,"Tyrrell, NC",128494
37179,"Union, NC",13089699
37181,"Vance, NC",1563552
37183,"Wake, NC",69723848
37185,"Warren, NC",596995
37187,"Washington, NC",427934
37189,"Watauga, NC",2174982
37191,"Wayne, NC",4970535
37193,"Wilkes, NC",2548034
37195,"Wilson, NC",3292295
37197,"Yadkin, NC",1467533
37199,"Yancey, NC",686432
38001,"Adams, ND",109973
38003,"Barnes, ND",593438
38005,"Benson, ND",247701
38007,"Billings, ND",76424
38009,"Bottineau, ND",389010
38011,"Bowman, ND",207354
38013,"Burke, ND",163196
38015,"Burleigh, ND",5858850
38017,"Cass, ND",10827712
38019,"Cavalier, ND",239866
38021,"Dickey, ND",307233
38023,"Divide, ND",125599
38025,"Dunn, ND",296796
38027,"Eddy, ND",136240
38029,"Emmons, ND",165613
38031,"Foster, ND",199347
38033,"Golden Valley, ND",68770
38035,"Grand Forks, ND",3719025
38037,"Grant, ND",102914
38039,"Griggs, ND",130303
38041,"Hettinger, ND",127019
38043,"Kidder, ND",131749
38045,"LaMoure, ND",243592
38047,"Logan, ND",95459
38049,"McHenry, ND",302330
38051,"McIntosh, ND",150824
38053,"McKenzie, ND",1018985
38055,"McLean, ND",578291
38057,"Mercer, ND",484816
38059,"Morton, ND",1714744
38061,"Mountrail, ND",689160
38063,"Nelson, ND",176046
38065,"Oliver, ND",89365
38067,"Pembina, ND",411743
38069,"Pierce, ND",193171
38071,"Ramsey, ND",576366
38073,"Ransom, ND",308443
38075,"Renville, ND",166456
38077,"Richland, ND",847790
38079,"Rolette, ND",520250
38081,"Sargent, ND",247682
38083,"Sheridan, ND",61113
38085,"Sioux, ND",120079
38087,"Slope, ND",33995
38089,"Stark, ND",2075180
38091,"Steele, ND",119340
38093,"Stutsman, ND",1131589
38095,"Towner, ND",128820
38097,"Traill, ND",441648
38099,"Walsh, ND",555605
38101,"Ward, ND",3844136
38103,"Wells, ND",230741
38105,"Williams, ND",2638342
39001,"Adams, OH",982690
39003,"Allen, OH",4432765
39005,"Ashland, OH",2135084
39007,"Ashtabula, OH",3887321
39009,"Athens, OH",2255156
39011,"Auglaize, OH",2245153
39013,"Belmont, OH",2795385
39015,"Brown, OH",1692637
39017,"Butler, OH",19164548
39019,"Carroll, OH",1106263
39021,"Champaign, OH",1650754
39023,"Clark, OH",5590837
39025,"Clermont, OH",11908604
39027,"Clinton, OH",1892138
39029,"Columbiana, OH",4009397
39031,"Coshocton, OH",1325204
39033,"Crawford, OH",1642068
39035,"Cuyahoga, OH",69189377
39037,"Darke, OH",2262298
39039,"Defiance, OH",1591457
39041,"Delaware, OH",15969743
39043,"Erie, OH",4135343
39045,"Fairfield, OH",7539620
39047,"Fayette, OH",1140825
39049,"Franklin, OH",67872912
39051,"Fulton, OH",1988335
39053,"Gallia, OH",1208676
39055,"Geauga, OH",6715109
39057,"Greene, OH",8746716
39059,"Guernsey, OH",1622330
39061,"Hamilton, OH",50312875
39063,"Hancock, OH",3826575
39065,"Hardin, OH",1043110
39067,"Harrison, OH",594079
39069,"Henry, OH",1245154
39071,"Highland, OH",1607385
39073,"Hocking, OH",1108506
39075,"Holmes, OH",2085999
39077,"Huron, OH",2434261
39079,"Jackson, OH",1191792
39081,"Jefferson, OH",2664518
39083,"Knox, OH",2762817
39085,"Lake, OH",12132789
39087,"Lawrence, OH",2347279
39089,"Licking, OH",8415433
39091,"Logan, OH",2014735
39093,"Lorain, OH",14881282
39095,"Lucas, OH",20466154
39097,"Madison, OH",1895382
39099,"Mahoning, OH",10082063
39101,"Marion, OH",2463911
39103,"Medina, OH",10380397
39105,"Meigs, OH",824501
39107,"Mercer, OH",2101527
39109,"Miami, OH",5242678
39111,"Monroe, OH",514942
39113,"Montgomery, OH",25618760
39115,"Morgan, OH",500538
39117,"Morrow, OH",1439831
39119,"Muskingum, OH",3657323
39121,"Noble, OH",404349
39123,"Ottawa, OH",2189793
39125,"Paulding, OH",781072
39127,"Perry, OH",1393130
39129,"Pickaway, OH",2467790
39131,"Pike, OH",1078125
39133,"Portage, OH",7390312
39135,"Preble, OH",1687117
39137,"Putnam, OH",1715801
39139,"Richland, OH",4893319
39141,"Ross, OH",2988703
39143,"Sandusky, OH",2477906
39145,"Scioto, OH",3061625
39147,"Seneca, OH",2234087
39149,"Shelby, OH",2238583
39151,"Stark, OH",17195631
39153,"Summit, OH",28976895
39155,"Trumbull, OH",8231628
39157,"Tuscarawas, OH",4143271
39159,"Union, OH",3533492
39161,"Van Wert, OH",1217307
39163,"Vinton, OH",456267
39165,"Warren, OH",14818248
39167,"Washington, OH",2661385
39169,"Wayne, OH",5436702
39171,"Williams, OH",1579624
39173,"Wood, OH",6366485
39175,"Wyandot, OH",1003316
40001,"Adair, OK",665079
40003,"Alfalfa, OK",232053
40005,"Atoka, OK",451553
40007,"Beaver, OK",288839
40009,"Beckham, OK",859478
40011,"Blaine, OK",414753
40013,"Bryan, OK",1709329
40015,"Caddo, OK",1085762
40017,"Canadian, OK",6925832
40019,"Carter, OK",2134508
40021,"Cherokee, OK",1657068
40023,"Choctaw, OK",473524
40025,"Cimarron, OK",143454
40027,"Cleveland, OK",13227539
40029,"Coal, OK",213564
40031,"Comanche, OK",5168911
40033,"Cotton, OK",248572
40035,"Craig, OK",554319
40037,"Creek, OK",3039360
40039,"Custer, OK",1205891
40041,"Delaware, OK",1454593
40043,"Dewey, OK",247907
40045,"Ellis, OK",208513
40047,"Garfield, OK",2763204
40049,"Garvin, OK",1111134
40051,"Grady, OK",2333973
40053,"Grant, OK",203982
40055,"Greer, OK",170232
40057,"Harmon, OK",109985
40059,"Harper, OK",186024
40061,"Haskell, OK",420468
40063,"Hughes, OK",554265
40065,"Jackson, OK",1057169
40067,"Jefferson, OK",204536
40069,"Johnston, OK",393057
40071,"Kay, OK",1825894
40073,"Kingfisher, OK",896429
40075,"Kiowa, OK",326572
40077,"Latimer, OK",349740
40079,"Le Flore, OK",1669793
40081,"Lincoln, OK",1283334
40083,"Logan, OK",2142890
40085,"Love, OK",389253
40087,"McClain, OK",1973923
40089,"McCurtain, OK",1083037
40091,"McIntosh, OK",704878
40093,"Major, OK",336531
40095,"Marshall, OK",583043
40097,"Mayes, OK",1511388
40099,"Murray, OK",613318
40101,"Muskogee, OK",2579568
40103,"Noble, OK",499607
40105,"Nowata, OK",376941
40107,"Okfuskee, OK",378113
40109,"Oklahoma, OK",44597281
40111,"Okmulgee, OK",1351791
40113,"Osage, OK",1710480
40115,"Ottawa, OK",1195941
40117,"Pawnee, OK",612553
40119,"Payne, OK",3194864
40121,"Pittsburg, OK",1731118
40123,"Pontotoc, OK",1730484
40125,"Pottawatomie, OK",2891355
40127,"Pushmataha, OK",361021
40129,"Roger Mills, OK",159048
40131,"Rogers, OK",4522983
40133,"Seminole, OK",854928
40135,"Sequoyah, OK",1425032
40137,"Stephens, OK",1911224
40139,"Texas, OK",1144046
40141,"Tillman, OK",276710
40143,"Tulsa, OK",42028053
40145,"Wagoner, OK",3377399
40147,"Washington, OK",3070778
40149,"Washita, OK",400233
40151,"Woods, OK",403099
40153,"Woodward, OK",773712
41001,"Baker, OR",671658
41003,"Benton, OR",4461999
41005,"Clackamas, OR",25666905
41007,"Clatsop, OR",1839230
41009,"Columbia, OR",2387552
41011,"Coos, OR",2982925
41013,"Crook, OR",1048217
41015,"Curry, OR",1022414
41017,"Deschutes, OR",11350045
41019,"Douglas, OR",4637161
41021,"Gilliam, OR",108750
41023,"Grant, OR",305244
41025,"Harney, OR",300748
41027,"Hood River, OR",1298306
41029,"Jackson, OR",10534744
41031,"Jefferson, OR",871912
41033,"Josephine, OR",3831039
41035,"Klamath, OR",2764960
41037,"Lake, OR",332059
41039,"Lane, OR",17559531
41041,"Lincoln, OR",2240027
41043,"Linn, OR",5698614
41045,"Malheur, OR",1030280
41047,"Marion, OR",15453781
41049,"Morrow, OR",563346
41051,"Multnomah, OR",48260484
41053,"Polk, OR",3667414
41055,"Sherman, OR",102243
41057,"Tillamook, OR",1210266
41059,"Umatilla, OR",3208284
41061,"Union, OR",1092873
41063,"Wallowa, OR",325723
41065,"Wasco, OR",1151410
41067,"Washington, OR",38114149
41069,"Wheeler, OR",50395
41071,"Yamhill, OR",5041662
42001,"Adams, PA",5219521
42003,"Allegheny, PA",78679023
42005,"Armstrong, PA",3044616
42007,"Beaver, PA",8260904
42009,"Bedford, PA",2048873
42011,"Berks, PA",21693789
42013,"Blair, PA",5801145
42015,"Bradford, PA",2602728
42017,"Bucks, PA",48080987
42019,"Butler, PA",11486207
42021,"Cambria, PA",5805411
42023,"Cameron, PA",212880
42025,"Carbon, PA",3391357
42027,"Centre, PA",7772010
42029,"Chester, PA",46416892
42031,"Clarion, PA",1617486
42033,"Clearfield, PA",3677480
42035,"Clinton, PA",1637987
42037,"Columbia, PA",2832144
42039,"Crawford, PA",3556375
42041,"Cumberland, PA",14493368
42043,"Dauphin, PA",14726618
42045,"Delaware, PA",39626813
42047,"Elk, PA",1458564
42049,"Erie, PA",12468015
42051,"Fayette, PA",5632703
42053,"Forest, PA",177580
42055,"Franklin, PA",7467227
42057,"Fulton, PA",659599
42059,"Greene, PA",1608354
42061,"Huntingdon, PA",1767965
42063,"Indiana, PA",3457928
42065,"Jefferson, PA",1956707
42067,"Juniata, PA",1132670
42069,"Lackawanna, PA",10152142
42071,"Lancaster, PA",29742370
42073,"Lawrence, PA",3834380
42075,"Lebanon, PA",6938534
42077,"Lehigh, PA",20056521
42079,"Luzerne, PA",14582330
42081,"Lycoming, PA",5075716
42083,"McKean, PA",1802050
42085,"Mercer, PA",4710909
42087,"Mifflin, PA",1852150
42089,"Monroe, PA",7509106
42091,"Montgomery, PA",68238551
42093,"Montour, PA",1059660
42095,"Northampton, PA",17294223
42097,"Northumberland, PA",3887386
42099,"Perry, PA",2161659
42101,"Philadelphia, PA",85818512
42103,"Pike, PA",2826540
42105,"Potter, PA",740739
42107,"Schuylkill, PA",6129492
42109,"Snyder, PA",1732955
42111,"Somerset, PA",3142009
42113,"Sullivan, PA",286638
42115,"Susquehanna, PA",1882739
42117,"Tioga, PA",1704808
42119,"Union, PA",1868126
42121,"Venango, PA",2207381
42123,"Warren, PA",1687361
42125,"Washington, PA",12042867
42127,"Wayne, PA",2329207
42129,"Westmoreland, PA",18755679
42131,"Wyoming, PA",1263885
42133,"York, PA",23372369
44001,"Bristol, RI",3880990
44003,"Kent, RI",10050867
44005,"Newport, RI",5984874
44007,"Providence, RI",31379705
44009,"Washington, RI",8612461
45001,"Abbeville, SC",862034
45003,"Aiken, SC",7623405
45005,"Allendale, SC",285638
45007,"Anderson, SC",8361393
45009,"Bamberg, SC",488294
45011,"Barnwell, SC",752440
45013,"Beaufort, SC",11438260
45015,"Berkeley, SC",9608755
45017,"Calhoun, SC",604030
45019,"Charleston, SC",26607717
45021,"Cherokee, SC",1934260
45023,"Chester, SC",1147889
45025,"Chesterfield, SC",1484598
45027,"Clarendon, SC",1171769
45029,"Colleton, SC",1396079
45031,"Darlington, SC",2605283
45033,"Dillon, SC",924753
45035,"Dorchester, SC",6677965
45037,"Edgefield, SC",1025750
45039,"Fairfield, SC",854422
45041,"Florence, SC",6044334
45043,"Georgetown, SC",3104587
45045,"Greenville, SC",26101863
45047,"Greenwood, SC",2698815
45049,"Hampton, SC",653518
45051,"Horry, SC",14046700
45053,"Jasper, SC",964788
45055,"Kershaw, SC",2883263
45057,"Lancaster, SC",4971419
45059,"Laurens, SC",2414350
45061,"Lee, SC",562137
45063,"Lexington, SC",14308905
45065,"McCormick, SC",377995
45067,"Marion, SC",1022844
45069,"Marlboro, SC",846928
45071,"Newberry, SC",1505978
45073,"Oconee, SC",3612704
45075,"Orangeburg, SC",3078432
45077,"Pickens, SC",5059312
45079,"Richland, SC",19519574
45081,"Saluda, SC",718274
45083,"Spartanburg, SC",14139607
45085,"Sumter, SC",4245334
45087,"Union, SC",942336
45089,"Williamsburg, SC",1047642
45091,"York, SC",13717299
46003,"Aurora, SD",112206
46005,"Beadle, SD",911641
46007,"Bennett, SD",120299
46009,"Bon Homme, SD",279954
46011,"Brookings, SD",1654046
46013,"Brown, SD",2169517
46015,"Brule, SD",237743
46017,"Buffalo, SD",40214
46019,"Butte, SD",409023
46021,"Campbell, SD",64138
46023,"Charles Mix, SD",376929
46025,"Clark, SD",170329
46027,"Clay, SD",578523
46029,"Codington, SD",1454425
46031,"Corson, SD",109982
46033,"Custer, SD",452898
46035,"Davison, SD",1055159
46037,"Day, SD",249909
46039,"Deuel, SD",218547
46041,"Dewey, SD",222827
46043,"Douglas, SD",169140
46045,"Edmunds, SD",207783
46047,"Fall River, SD",316102
46049,"Faulk, SD",126322
46051,"Grant, SD",389521
46053,"Gregory, SD",184053
46055,"Haakon, SD",92921
46057,"Hamlin, SD",267667
46059,"Hand, SD",173375
46061,"Hanson, SD",223576
46063,"Harding, SD",64753
46065,"Hughes, SD",957913
46067,"Hutchinson, SD",404165
46069,"Hyde, SD",61820
46071,"Jackson, SD",86928
46073,"Jerauld, SD",78066
46075,"Jones, SD",51719
46077,"Kingsbury, SD",281714
46079,"Lake, SD",656064
46081,"Lawrence, SD",1399757
46083,"Lincoln, SD",4410080
46085,"Lyman, SD",153981
46087,"McCook, SD",301315
46089,"McPherson, SD",100621
46091,"Marshall, SD",237607
46093,"Meade, SD",1280536
46095,"Mellette, SD",59964
46097,"Miner, SD",110306
46099,"Minnehaha, SD",12053862
46101,"Moody, SD",333947
46102,"Oglala Lakota, SD*",363219
46103,"Pennington, SD",6168079
46105,"Perkins, SD",113251
46107,"Potter, SD",164254
46109,"Roberts, SD",385003
46111,"Sanborn, SD",121746
46115,"Spink, SD",348518
46117,"Stanley, SD",188729
46119,"Sully, SD",106697
46121,"Todd, SD",264198
46123,"Tripp, SD",269027
46125,"Turner, SD",526510
46127,"Union, SD",1912077
46129,"Walworth, SD",253698
46135,"Yankton, SD",1185459
46137,"Ziebach, SD",53454
47001,"Anderson, TN",3341959
47003,"Bedford, TN",1968228
47005,"Benton, TN",551021
47007,"Bledsoe, TN",412843
47009,"Blount, TN",6113678
47011,"Bradley, TN",4354462
47013,"Campbell, TN",1383732
47015,"Cannon, TN",540696
47017,"Carroll, TN",1045684
47019,"Carter, TN",1940281
47021,"Cheatham, TN",1909083
47023,"Chester, TN",597830
47025,"Claiborne, TN",1152303
47027,"Clay, TN",241458
47029,"Cocke, TN",1202946
47031,"Coffee, TN",2316893
47033,"Crockett, TN",590710
47035,"Cumberland, TN",2317146
47037,"Davidson, TN",50313323
47039,"Decatur, TN",490629
47041,"DeKalb, TN",822045
47043,"Dickson, TN",2310438
47045,"Dyer, TN",1558275
47047,"Fayette, TN",2342219
47049,"Fentress, TN",640549
47051,"Franklin, TN",1712155
47053,"Gibson, TN",1941396
47055,"Giles, TN",1141046
47057,"Grainger, TN",814599
47059,"Greene, TN",2559597
47061,"Grundy, TN",445556
47063,"Hamblen, TN",2481186
47065,"Hamilton, TN",19519758
47067,"Hancock, TN",185743
47069,"Hardeman, TN",770296
47071,"Hardin, TN",1036578
47073,"Hawkins, TN",1990749
47075,"Haywood, TN",610004
47077,"Henderson, TN",1044611
47079,"Henry, TN",1364141
47081,"Hickman, TN",873823
47083,"Houston, TN",278590
47085,"Humphreys, TN",736817
47087,"Jackson, TN",380167
47089,"Jefferson, TN",2069742
47091,"Johnson, TN",594937
47093,"Knox, TN",24645576
47095,"Lake, TN",172868
47097,"Lauderdale, TN",830416
47099,"Lawrence, TN",1576520
47101,"Lewis, TN",445946
47103,"Lincoln, TN",1459132
47105,"Loudon, TN",2789237
47107,"McMinn, TN",2014078
47109,"McNairy, TN",859994
47111,"Macon, TN",823124
47113,"Madison, TN",4284854
47115,"Marion, TN",1148436
47117,"Marshall, TN",1374508
47119,"Maury, TN",4330507
47121,"Meigs, TN",430618
47123,"Monroe, TN",1649861
47125,"Montgomery, TN",9126436
47127,"Moore, TN",273214
47129,"Morgan, TN",671598
47131,"Obion, TN",1278828
47133,"Overton, TN",776752
47135,"Perry, TN",286420
47137,"Pickett, TN",200792
47139,"Polk, TN",583507
47141,"Putnam, TN",3256746
47143,"Rhea, TN",1174482
47145,"Roane, TN",2266788
47147,"Robertson, TN",3206976
47149,"Rutherford, TN",14312997
47151,"Scott, TN",684338
47153,"Sequatchie, TN",591401
47155,"Sevier, TN",4164468
47157,"Shelby, TN",47292297
47159,"Smith, TN",824624
47161,"Stewart, TN",574980
47163,"Sullivan, TN",6918260
47165,"Sumner, TN",9756270
47167,"Tipton, TN",2516602
47169,"Trousdale, TN",353722
47171,"Unicoi, TN",665547
47173,"Union, TN",661934
47175,"Van Buren, TN",190203
47177,"Warren, TN",1460691
47179,"Washington, TN",5863176
47181,"Wayne, TN",486856
47183,"Weakley, TN",1284546
47185,"White, TN",942951
47187,"Williamson, TN",22786814
47189,"Wilson, TN",7469421
48001,"Anderson, TX",2100545
48003,"Andrews, TX",990475
48005,"Angelina, TX",3476878
48007,"Aransas, TX",1256425
48009,"Archer, TX",457728
48011,"Armstrong, TX",101420
48013,"Atascosa, TX",2020586
48015,"Austin, TX",1628036
48017,"Bailey, TX",305359
48019,"Bandera, TX",1099556
48021,"Bastrop, TX",3545343
48023,"Baylor, TX",166828
48025,"Bee, TX",995912
48027,"Bell, TX",16034461
48029,"Bexar, TX",93251670
48031,"Blanco, TX",682294
48033,"Borden, TX",47712
48035,"Bosque, TX",798399
48037,"Bowie, TX",3864108
48039,"Brazoria, TX",18812684
48041,"Brazos, TX",9501086
48043,"Brewster, TX",454533
48045,"Briscoe, TX",69892
48047,"Brooks, TX",259595
48049,"Brown, TX",1527777
48051,"Burleson, TX",868823
48053,"Burnet, TX",2508097
48055,"Caldwell, TX",1579435
48057,"Calhoun, TX",1137494
48059,"Callahan, TX",602954
48061,"Cameron, TX",12758548
48063,"Camp, TX",491333
48065,"Carson, TX",292065
48067,"Cass, TX",1143512
48069,"Castro, TX",496869
48071,"Chambers, TX",2506439
48073,"Cherokee, TX",1867641
48075,"Childress, TX",225046
48077,"Clay, TX",472266
48079,"Cochran, TX",112539
48081,"Coke, TX",141699
48083,"Coleman, TX",356227
48085,"Collin, TX",71886930
48087,"Collingsworth, TX",123260
48089,"Colorado, TX",1038856
48091,"Comal, TX",9561948
48093,"Comanche, TX",592230
48095,"Concho, TX",99373
48097,"Cooke, TX",2175590
48099,"Coryell, TX",2721169
48101,"Cottle, TX",83740
48103,"Crane, TX",252770
48105,"Crockett, TX",157898
48107,"Crosby, TX",224563
48109,"Culberson, TX",129327
48111,"Dallam, TX",455985
48113,"Dallas, TX",167599595
48115,"Dawson, TX",521319
48117,"Deaf Smith, TX",950554
48119,"Delta, TX",214785
48121,"Denton, TX",53801166
48123,"DeWitt, TX",1271472
48125,"Dickens, TX",76304
48127,"Dimmit, TX",424156
48129,"Donley, TX",142879
48131,"Duval, TX",429940
48133,"Eastland, TX",1217745
48135,"Ector, TX",8655663
48137,"Edwards, TX",90921
48139,"Ellis, TX",8660691
48141,"El Paso, TX",32470755
48143,"Erath, TX",1780832
48145,"Falls, TX",621465
48147,"Fannin, TX",1431085
48149,"Fayette, TX",1426305
48151,"Fisher, TX",174964
48153,"Floyd, TX",249156
48155,"Foard, TX",52518
48157,"Fort Bend, TX",49626310
48159,"Franklin, TX",449543
48161,"Freestone, TX",765180
48163,"Frio, TX",629896
48165,"Gaines, TX",989572
48167,"Galveston, TX",19335105
48169,"Garza, TX",193678
48171,"Gillespie, TX",1800491
48173,"Glasscock, TX",134530
48175,"Goliad, TX",364174
48177,"Gonzales, TX",962554
48179,"Gray, TX",962755
48181,"Grayson, TX",6069933
48183,"Gregg, TX",5890478
48185,"Grimes, TX",1084308
48187,"Guadalupe, TX",7917295
48189,"Hale, TX",1204398
48191,"Hall, TX",102596
48193,"Hamilton, TX",540638
48195,"Hansford, TX",358789
48197,"Hardeman, TX",166911
48199,"Hardin, TX",2737379
48201,"Harris, TX",278821655
48203,"Harrison, TX",2926780
48205,"Hartley, TX",406398
48207,"Haskell, TX",254913
48209,"Hays, TX",11025538
48211,"Hemphill, TX",234174
48213,"Henderson, TX",3409069
48215,"Hidalgo, TX",24360809
48217,"Hill, TX",1546097
48219,"Hockley, TX",996311
48221,"Hood, TX",3271978
48223,"Hopkins, TX",1582230
48225,"Houston, TX",939062
48227,"Howard, TX",1616737
48229,"Hudspeth, TX",113569
48231,"Hunt, TX",3959784
48233,"Hutchinson, TX",923621
48235,"Irion, TX",112162
48237,"Jack, TX",358389
48239,"Jackson, TX",708772
48241,"Jasper, TX",1470347
48243,"Jeff Davis, TX",99759
48245,"Jefferson, TX",11115682
48247,"Jim Hogg, TX",173612
48249,"Jim Wells, TX",1722326
48251,"Johnson, TX",7890966
48253,"Jones, TX",665182
48255,"Karnes, TX",983156
48257,"Kaufman, TX",6034188
48259,"Kendall, TX",3962859
48261,"Kenedy, TX",16542
48263,"Kent, TX",37062
48265,"Kerr, TX",2858227
48267,"Kimble, TX",195894
48269,"King, TX",21976
48271,"Kinney, TX",118609
48273,"Kleberg, TX",1264484
48275,"Knox, TX",145161
48277,"Lamar, TX",2169383
48279,"Lamb, TX",599333
48281,"Lampasas, TX",1111348
48283,"La Salle, TX",304887
48285,"Lavaca, TX",1140602
48287,"Lee, TX",950629
48289,"Leon, TX",714840
48291,"Liberty, TX",3409022
48293,"Limestone, TX",898282
48295,"Lipscomb, TX",280134
48297,"Live Oak, TX",456215
48299,"Llano, TX",1111579
48301,"Loving, TX",9108
48303,"Lubbock, TX",13937335
48305,"Lynn, TX",266782
48307,"McCulloch, TX",312493
48309,"McLennan, TX",10976966
48311,"McMullen, TX",54669
48313,"Madison, TX",461643
48315,"Marion, TX",405825
48317,"Martin, TX",385093
48319,"Mason, TX",206131
48321,"Matagorda, TX",1703339
48323,"Maverick, TX",1870978
48325,"Medina, TX",2197376
48327,"Menard, TX",81185
48329,"Midland, TX",24374167
48331,"Milam, TX",927168
48333,"Mills, TX",197423
48335,"Mitchell, TX",291107
48337,"Montague, TX",846398
48339,"Montgomery, TX",39403353
48341,"Moore, TX",1002329
48343,"Morris, TX",496552
48345,"Motley, TX",39081
48347,"Nacogdoches, TX",2548397
48349,"Navarro, TX",2026267
48351,"Newton, TX",473982
48353,"Nolan, TX",676064
48355,"Nueces, TX",16755502
48357,"Ochiltree, TX",593652
48359,"Oldham, TX",112088
48361,"Orange, TX",3840830
48363,"Palo Pinto, TX",1249867
48365,"Panola, TX",1086805
48367,"Parker, TX",8195882
48369,"Parmer, TX",493978
48371,"Pecos, TX",630149
48373,"Polk, TX",2109985
48375,"Potter, TX",5561661
48377,"Presidio, TX",316483
48379,"Rains, TX",443343
48381,"Randall, TX",6891484
48383,"Reagan, TX",206582
48385,"Real, TX",127782
48387,"Red River, TX",532792
48389,"Reeves, TX",746398
48391,"Refugio, TX",325082
48393,"Roberts, TX",42475
48395,"Robertson, TX",748606
48397,"Rockwall, TX",6604810
48399,"Runnels, TX",435975
48401,"Rusk, TX",2086184
48403,"Sabine, TX",388768
48405,"San Augustine, TX",355969
48407,"San Jacinto, TX",1092539
48409,"San Patricio, TX",3122738
48411,"San Saba, TX",250916
48413,"Schleicher, TX",119098
48415,"Scurry, TX",761275
48417,"Shackelford, TX",296375
48419,"Shelby, TX",1055867
48421,"Sherman, TX",283501
48423,"Smith, TX",13039934
48425,"Somervell, TX",434533
48427,"Starr, TX",1795224
48429,"Stephens, TX",418131
48431,"Sterling, TX",81541
48433,"Stonewall, TX",77367
48435,"Sutton, TX",237671
48437,"Swisher, TX",403889
48439,"Tarrant, TX",112155765
48441,"Taylor, TX",6726286
48443,"Terrell, TX",38035
48445,"Terry, TX",469654
48447,"Throckmorton, TX",62209
48449,"Titus, TX",1243105
48451,"Tom Green, TX",6164141
48453,"Travis, TX",91228861
48455,"Trinity, TX",548837
48457,"Tyler, TX",723796
48459,"Upshur, TX",1588285
48461,"Upton, TX",174128
48463,"Uvalde, TX",1131156
48465,"Val Verde, TX",1890179
48467,"Van Zandt, TX",2275372
48469,"Victoria, TX",4843221
48471,"Walker, TX",2230966
48473,"Waller, TX",2376917
48475,"Ward, TX",654764
48477,"Washington, TX",2053296
48479,"Webb, TX",9205187
48481,"Wharton, TX",1934672
48483,"Wheeler, TX",225848
48485,"Wichita, TX",5849640
48487,"Wilbarger, TX",635974
48489,"Willacy, TX",597605
48491,"Williamson, TX",31788378
48493,"Wilson, TX",2458290
48495,"Winkler, TX",523792
48497,"Wise, TX",3196519
48499,"Wood, TX",1852024
48501,"Yoakum, TX",386402
48503,"Young, TX",929565
48505,"Zapata, TX",412471
48507,"Zavala, TX",365390
49001,"Beaver, UT",263927
49003,"Box Elder, UT",2256733
49005,"Cache, UT",5398580
49007,"Carbon, UT",823283
49009,"Daggett, UT",45749
49011,"Davis, UT",17330892
49013,"Duchesne, UT",766744
49015,"Emery, UT",349654
49017,"Garfield, UT",197510
49019,"Grand, UT",572895
49021,"Iron, UT",1881822
49023,"Juab, UT",464471
49025,"Kane, UT",327551
49027,"Millard, UT",491344
49029,"Morgan, UT",680335
49031,"Piute, UT",67089
49033,"Rich, UT",97208
49035,"Salt Lake, UT",64279705
49037,"San Juan, UT",428549
49039,"Sanpete, UT",928772
49041,"Sevier, UT",787971
49043,"Summit, UT",6409341
49045,"Tooele, UT",2738607
49047,"Uintah, UT",1144541
49049,"Utah, UT",27722352
49051,"Wasatch, UT",2027386
49053,"Washington, UT",7450087
49055,"Wayne, UT",111768
49057,"Weber, UT",11290183
50001,"Addison, VT",1946057
50003,"Bennington, VT",1964610
50005,"Caledonia, VT",1307224
50007,"Chittenden, VT",10092307
50009,"Essex, VT",247980
50011,"Franklin, VT",2404388
50013,"Grand Isle, VT",436260
50015,"Lamoille, VT",1398665
50017,"Orange, VT",1424586
50019,"Orleans, VT",1226446
50021,"Rutland, VT",3102328
50023,"Washington, VT",3520789
50025,"Windham, VT",2211863
50027,"Windsor, VT",3286117
51001,"Accomack, VA",1606389
51007,"Amelia, VA",572792
51009,"Amherst, VA",1189826
51011,"Appomattox, VA",621518
51013,"Arlington, VA",23390078
51017,"Bath, VA",273827
51019,"Bedford, VA*",3721891
51021,"Bland, VA",232383
51023,"Botetourt, VA",1709092
51025,"Brunswick, VA",534719
51027,"Buchanan, VA",773058
51029,"Buckingham, VA",521526
51033,"Caroline, VA",1343383
51036,"Charles City, VA",332789
51037,"Charlotte, VA",422642
51041,"Chesterfield, VA",19457788
51043,"Clarke, VA",972408
51045,"Craig, VA",198978
51047,"Culpeper, VA",2498281
51049,"Cumberland, VA",380349
51051,"Dickenson, VA",479225
51057,"Essex, VA",467470
51061,"Fauquier, VA",5128177
51063,"Floyd, VA",620065
51065,"Fluvanna, VA",1245127
51067,"Franklin, VA",2352223
51071,"Giles, VA",675231
51073,"Gloucester, VA",1884322
51075,"Goochland, VA",2491952
51077,"Grayson, VA",499321
51079,"Greene, VA",915944
51083,"Halifax, VA",1264067
51085,"Hanover, VA",6682331
51087,"Henrico, VA",22475302
51091,"Highland, VA",96147
51093,"Isle of Wight, VA",2091796
51097,"King and Queen, VA",312442
51099,"King George, VA",1488210
51101,"King William, VA",825521
51103,"Lancaster, VA",643886
51105,"Lee, VA",699238
51107,"Loudoun, VA",33411579
51109,"Louisa, VA",1634680
51111,"Lunenburg, VA",402941
51113,"Madison, VA",642163
51115,"Mathews, VA",496837
51117,"Mecklenburg, VA",1144160
51119,"Middlesex, VA",557974
51125,"Nelson, VA",776298
51127,"New Kent, VA",1711650
51131,"Northampton, VA",660088
51133,"Northumberland, VA",655054
51135,"Nottoway, VA",538983
51137,"Orange, VA",1868721
51139,"Page, VA",934564
51141,"Patrick, VA",589823
51145,"Powhatan, VA",1743959
51147,"Prince Edward, VA",721816
51155,"Pulaski, VA",1361222
51157,"Rappahannock, VA",502106
51159,"Richmond, VA",335960
51167,"Russell, VA",896105
51169,"Scott, VA",721775
51171,"Shenandoah, VA",2018124
51173,"Smyth, VA",1110683
51179,"Stafford, VA",8533547
51181,"Surry, VA",282174
51183,"Sussex, VA",356043
51185,"Tazewell, VA",1525974
51187,"Warren, VA",1903727
51193,"Westmoreland, VA",812960
51197,"Wythe, VA",1020053
51510,"Alexandria (Independent City), VA",14296000
51550,"Chesapeake (Independent City), VA",12272093
51650,"Hampton (Independent City), VA",5713242
51700,"Newport News (Independent City), VA",7467480
51710,"Norfolk (Independent City), VA",9610101
51740,"Portsmouth (Independent City), VA",3857256
51760,"Richmond (Independent City), VA",12750699
51770,"Roanoke (Independent City), VA",4215302
51800,"Suffolk (Independent City), VA",4801134
51810,"Virginia Beach (Independent City), VA",25924872
51901,"Albemarle + Charlottesville, VA*",11923565
51903,"Alleghany + Covington, VA*",821115
51907,"Augusta, Staunton + Waynesboro, VA*",5545056
51911,"Campbell + Lynchburg, VA*",5169881
51913,"Carroll + Galax, VA*",1292064
51918,"Dinwiddie, Colonial Heights + Petersburg, VA*",3110015
51919,"Fairfax, Fairfax City + Falls Church, VA*",102394440
51921,"Frederick + Winchester, VA*",6100039
51923,"Greensville + Emporia, VA*",542427
51929,"Henry + Martinsville, VA*",2475041
51931,"James City + Williamsburg, VA*",5986893
51933,"Montgomery + Radford, VA*",4372327
51939,"Pittsylvania + Danville, VA*",3830992
51941,"Prince George + Hopewell, VA*",2371528
51942,"Prince William, Manassas + Manassas Park, VA*",29818072
51944,"Roanoke + Salem, VA*",6232158
51945,"Rockbridge, Buena Vista + Lexington, VA*",1497582
51947,"Rockingham + Harrisonburg, VA*",5476691
51949,"Southampton + Franklin, VA*",1114586
51951,"Spotsylvania + Fredericksburg, VA*",8599166
51953,"Washington + Bristol, VA*",2847121
51955,"Wise + Norton, VA*",1368697
51958,"York + Poquoson, VA*",4839691
53001,"Adams, WA",837654
53003,"Asotin, WA",1047339
53005,"Benton, WA",9858581
53007,"Chelan, WA",4277976
53009,"Clallam, WA",3603595
53011,"Clark, WA",26875662
53013,"Columbia, WA",222415
53015,"Cowlitz, WA",4981152
53017,"Douglas, WA",1764534
53019,"Ferry, WA",275000
53021,"Franklin, WA",3732307
53023,"Garfield, WA",114328
53025,"Grant, WA",3939560
53027,"Grays Harbor, WA",3025839
53029,"Island, WA",4771376
53031,"Jefferson, WA",1739133
53033,"King, WA",207026877
53035,"Kitsap, WA",15574583
53037,"Kittitas, WA",2031270
53039,"Klickitat, WA",1076439
53041,"Lewis, WA",3553708
53043,"Lincoln, WA",489954
53045,"Mason, WA",2855834
53047,"Okanogan, WA",1754757
53049,"Pacific, WA",920491
53051,"Pend Oreille, WA",597034
53053,"Pierce, WA",47546386
53055,"San Juan, WA",1372833
53057,"Skagit, WA",6875158
53059,"Skamania, WA",563513
53061,"Snohomish, WA",47617430
53063,"Spokane, WA",24493557
53065,"Stevens, WA",1827760
53067,"Thurston, WA",15065168
53069,"Wahkiakum, WA",194542
53071,"Walla Walla, WA",2848428
53073,"Whatcom, WA",11403474
53075,"Whitman, WA",2039644
53077,"Yakima, WA",11045587
54001,"Barbour, WV",553953
54003,"Berkeley, WV",5112485
54005,"Boone, WV",779426
54007,"Braxton, WV",455105
54009,"Brooke, WV",989729
54011,"Cabell, WV",4033366
54013,"Calhoun, WV",222282
54015,"Clay, WV",279417
54017,"Doddridge, WV",259578
54019,"Fayette, WV",1562442
54021,"Gilmer, WV",233851
54023,"Grant, WV",426966
54025,"Greenbrier, WV",1331013
54027,"Hampshire, WV",871594
54029,"Hancock, WV",1267609
54031,"Hardy, WV",487483
54033,"Harrison, WV",3378652
54035,"Jackson, WV",1117806
54037,"Jefferson, WV",3001811
54039,"Kanawha, WV",8876787
54041,"Lewis, WV",668760
54043,"Lincoln, WV",663682
54045,"Logan, WV",1221114
54047,"McDowell, WV",560242
54049,"Marion, WV",2448296
54051,"Marshall, WV",1307312
54053,"Mason, WV",923957
54055,"Mercer, WV",2273229
54057,"Mineral, WV",1141297
54059,"Mingo, WV",781339
54061,"Monongalia, WV",4981672
54063,"Monroe, WV",431427
54065,"Morgan, WV",657249
54067,"Nicholas, WV",854213
54069,"Ohio, WV",2485393
54071,"Pendleton, WV",260435
54073,"Pleasants, WV",329120
54075,"Pocahontas, WV",333650
54077,"Preston, WV",1272965
54079,"Putnam, WV",2719381
54081,"Raleigh, WV",3203130
54083,"Randolph, WV",1097372
54085,"Ritchie, WV",381596
54087,"Roane, WV",501523
54089,"Summers, WV",439748
54091,"Taylor, WV",705105
54093,"Tucker, WV",296711
54095,"Tyler, WV",341288
54097,"Upshur, WV",863327
54099,"Wayne, WV",1391452
54101,"Webster, WV",241735
54103,"Wetzel, WV",554224
54105,"Wirt, WV",189953
54107,"Wood, WV",3903129
54109,"Wyoming, WV",633079
55001,"Adams, WI",841341
55003,"Ashland, WI",647256
55005,"Barron, WI",2255575
55007,"Bayfield, WI",763132
55009,"Brown, WI",14122693
55011,"Buffalo, WI",601881
55013,"Burnett, WI",699188
55015,"Calumet, WI",2659736
55017,"Chippewa, WI",3063830
55019,"Clark, WI",1478494
55021,"Columbia, WI",3078877
55023,"Crawford, WI",691491
55025,"Dane, WI",34875229
55027,"Dodge, WI",4000490
55029,"Door, WI",1772867
55031,"Douglas, WI",1925163
55033,"Dunn, WI",1870365
55035,"Eau Claire, WI",5194870
55037,"Florence, WI",251542
55039,"Fond du Lac, WI",5145900
55041,"Forest, WI",382176
55043,"Grant, WI",2337863
55045,"Green, WI",1966452
55047,"Green Lake, WI",862208
55049,"Iowa, WI",1180161
55051,"Iron, WI",282799
55053,"Jackson, WI",942235
55055,"Jefferson, WI",4001909
55057,"Juneau, WI",1061342
55059,"Kenosha, WI",8241770
55061,"Kewaunee, WI",991069
55063,"La Crosse, WI",6163463
55065,"Lafayette, WI",727218
55067,"Langlade, WI",850688
55069,"Lincoln, WI",1297850
55071,"Manitowoc, WI",3774671
55073,"Marathon, WI",7083835
55075,"Marinette, WI",1864665
55077,"Marquette, WI",661273
55078,"Menominee, WI*",153417
55079,"Milwaukee, WI",45558297
55081,"Monroe, WI",1973107
55083,"Oconto, WI",1797333
55085,"Oneida, WI",1849018
55087,"Outagamie, WI",9895161
55089,"Ozaukee, WI",7662881
55091,"Pepin, WI",359831
55093,"Pierce, WI",2004595
55095,"Polk, WI",2086946
55097,"Portage, WI",3318065
55099,"Price, WI",626021
55101,"Racine, WI",9953178
55103,"Richland, WI",764878
55105,"Rock, WI",7506501
55107,"Rusk, WI",631264
55109,"St. Croix, WI",5231768
55111,"Sauk, WI",3468470
55113,"Sawyer, WI",789450
55115,"Shawano, WI*",1780041
55117,"Sheboygan, WI",6132266
55119,"Taylor, WI",846777
55121,"Trempealeau, WI",1327532
55123,"Vernon, WI",1292597
55125,"Vilas, WI",1168320
55127,"Walworth, WI",5314998
55129,"Washburn, WI",768668
55131,"Washington, WI",8161539
55133,"Waukesha, WI",29889090
55135,"Waupaca, WI",2377087
55137,"Waushara, WI",1025639
55139,"Winnebago, WI",8408380
55141,"Wood, WI",3487696
55901,"Shawano (includes Menominee), WI*",(NA)
56001,"Albany, WY",1604473
56003,"Big Horn, WY",464906
56005,"Campbell, WY",2513299
56007,"Carbon, WY",833958
56009,"Converse, WY",914523
56011,"Crook, WY",348029
56013,"Fremont, WY",1823034
56015,"Goshen, WY",560717
56017,"Hot Springs, WY",284835
56019,"Johnson, WY",467251
56021,"Laramie, WY",5345940
56023,"Lincoln, WY",910976
56025,"Natrona, WY",5585714
56027,"Niobrara, WY",114300
56029,"Park, WY",1693759
56031,"Platte, WY",438790
56033,"Sheridan, WY",1811334
56035,"Sublette, WY",538185
56037,"Sweetwater, WY",2401078
56039,"Teton, WY",5212345
56041,"Uinta, WY",835948
56043,"Washakie, WY",400100
56045,"Weston, WY",321006
Legend / Footnotes:,,
* Estimates for 1979 forward reflect Alaska Census Areas as defined by the Census Bureau; those for prior years reflect Alaska Census Divisions as defined in the 1970 Decennial Census.,,
* Estimates from 1988 forward separate Aleutian Islands Census Area (02010) into Aleutians East Borough (02013) and Aleutians West Census Area (02016).,,
* Estimates for 1991 forward separate Denali Borough (02068) from Yukon-Koyukuk Census Area (02290) and Lake and Peninsula Borough (02164) from Dillingham Census Area (02070).,,
"* Estimates from 1993 forward separate Skagway-Yakutat-Angoon Census Area (02231) into Skagway-Hoonah-Angoon Census Area (02232) and Yakutat City and Borough (02282). Estimates from 2008 forward separate Skagway-Hoonah-Angoon Census Area (02232) into Skagway Municipality (02230) and Hoonah-Angoon Census Area (02105). Estimates from 2009 forward separate Wrangell-Petersburg Census Area (02280) into Petersburg Census Area and Wrangell City and Borough (02275). In addition, a part of the Prince of Wales-Outer Ketchikan Census Area (02201) was annexed by Ketchikan Gateway Borough (02130) and part (Meyers Chuck Area) was included in the new Wrangell City and Borough (02275). The remainder of the Prince of Wales-Outer Ketchikan Census Area (02201) was renamed Prince of Wales-Hyder Census Area (02198). Petersburg Borough (02195) was created from part of former Petersburg Census Area and part of Hoonah-Angoon Census Area (02105) for 2013 forward. Prince of Wales-Hyder Census Area (02198) added part of the former Petersburg Census Area beginning in 2013. For years 2009-2012, Petersburg Borough (02195) reflects the geographic boundaries of the former Petersburg Census Area.",,
"* Wade Hampton Census Area was renamed Kusilvak Census Area (02158) on July 1, 2015.",,
"* On January 2, 2019, two new county equivalents were created from the former Valdez-Cordova Census Area, Alaska (02261): Chugach Census Area (02063) and Copper River Census Area (02066). Estimates for 2020 forward reflect these changes.",,
"* La Paz County, AZ was separated from Yuma County on January 1, 1983. The Yuma, AZ MSA contains the area that became La Paz County, AZ through 1982 and excludes it beginning with 1983.",,
"* Broomfield County, CO, was created from parts of Adams, Boulder, Jefferson, and Weld counties effective November 15, 2001. Estimates for Broomfield county begin with 2002.",,
"* Kalawao County, Hawaii is combined with Maui County. Separate estimates for the jurisdictions making up the combination areas are not available.",,
"* Cibola, NM was separated from Valencia in June 1981, but in these estimates, Valencia includes Cibola through the end of 1981.",,
"* Shannon County, SD was renamed to Oglala Lakota County, SD on May 1, 2015.",,
"* Virginia combination areas consist of one or two independent cities with 1980 populations of less than 100,000 combined with an adjacent county. The county name appears first, followed by the city name(s). Separate estimates for the jurisdictions making up the combination area are not available. Bedford County, VA includes the independent city of Bedford for all years.",,
"* Shawano, WI and Menominee, WI are combined as Shawano (incl. Menominee), WI for the years prior to 1989.",,
"Metropolitan Areas are defined (geographically delineated) by the Office of Management and Budget (OMB) bulletin no. 20-01 issued March 6, 2020.",,
Note. All dollar estimates are in thousands of current dollars (not adjusted for inflation). Calculations are performed on unrounded data.,,
(NA) Not available.,,
"Last updated: November 16, 2021-- new statistics for 2020; revised statistics for 1998-2019.",,
